Dataset_Name,Organ,Compartment,Abundance_Old,Abundance_Old_transformed,Abundance_Young,Abundance_Young_transformed,Canonical_Gene_Symbol,Gene_Symbol,Match_Confidence,Match_Level,Matrisome_Category,Matrisome_Division,Method,N_Profiles_Old,N_Profiles_Young,Protein_ID,Protein_Name,Species,Study_ID,Tissue,Tissue_Compartment,Zscore_Delta,Zscore_Old,Zscore_Young
LiDermis_2021,Skin dermis,Skin dermis,,,7.757554382933859,7.757554382933859,LAMB4,LAMB4,1,Gene_Symbol_or_UniProt,ECM Glycoproteins,Core matrisome,Label-free LC-MS/MS,0,3,A4D0S4,Laminin subunit beta-4,Homo sapiens,LiDermis_2021,Skin dermis,Skin dermis,,,
LiDermis_2021,Skin dermis,Skin dermis,10.812420174345597,10.812420174345597,11.946039622581042,11.946039622581042,COL6A6,COL6A6,1,Gene_Symbol_or_UniProt,Collagens,Core matrisome,Label-free LC-MS/MS,3,5,A6NMZ7,Collagen alpha-6(VI) chain,Homo sapiens,LiDermis_2021,Skin dermis,Skin dermis,,,
LiDermis_2021,Skin dermis,Skin dermis,,,7.736684310904114,7.736684310904114,A2ML1,A2ML1,1,Gene_Symbol_or_UniProt,ECM Regulators,Matrisome-associated,Label-free LC-MS/MS,0,5,A8K2U0,Alpha-2-macroglobulin-like protein 1,Homo sapiens,LiDermis_2021,Skin dermis,Skin dermis,,,
LiDermis_2021,Skin dermis,Skin dermis,5.918539446447319,5.918539446447319,10.623824948021452,10.623824948021452,COL6A5,COL6A5,1,Gene_Symbol_or_UniProt,Collagens,Core matrisome,Label-free LC-MS/MS,3,5,A8TX70,Collagen alpha-5(VI) chain,Homo sapiens,LiDermis_2021,Skin dermis,Skin dermis,,,
LiDermis_2021,Skin dermis,Skin dermis,7.56160534037437,7.56160534037437,10.267797140320624,10.267797140320624,MATN2,MATN2,1,Gene_Symbol_or_UniProt,ECM Glycoproteins,Core matrisome,Label-free LC-MS/MS,3,5,O00339,Matrilin-2,Homo sapiens,LiDermis_2021,Skin dermis,Skin dermis,,,
LiDermis_2021,Skin dermis,Skin dermis,5.5670238645989745,5.5670238645989745,4.8217017710728625,4.8217017710728625,AGRN,AGRN,1,Gene_Symbol_or_UniProt,ECM Glycoproteins,Core matrisome,Label-free LC-MS/MS,2,4,O00468,Agrin,Homo sapiens,LiDermis_2021,Skin dermis,Skin dermis,,,
LiDermis_2021,Skin dermis,Skin dermis,,,7.282691218817663,7.282691218817663,VWA5A,VWA5A,1,Gene_Symbol_or_UniProt,ECM Glycoproteins,Core matrisome,Label-free LC-MS/MS,0,5,O00534,von Willebrand factor A domain-containing protein 5A,Homo sapiens,LiDermis_2021,Skin dermis,Skin dermis,,,
LiDermis_2021,Skin dermis,Skin dermis,,,,,CCL21,CCL21,1,Gene_Symbol_or_UniProt,Secreted Factors,Matrisome-associated,Label-free LC-MS/MS,0,0,O00585,C-C motif chemokine 21,Homo sapiens,LiDermis_2021,Skin dermis,Skin dermis,,,
LiDermis_2021,Skin dermis,Skin dermis,,,3.728206443235573,3.728206443235573,PLXNB2,PLXNB2,1,Gene_Symbol_or_UniProt,ECM-affiliated Proteins,Matrisome-associated,Label-free LC-MS/MS,0,4,O15031,Plexin-B2 {ECO:0000303|PubMed:29100074},Homo sapiens,LiDermis_2021,Skin dermis,Skin dermis,,,
LiDermis_2021,Skin dermis,Skin dermis,10.9027359050095,10.9027359050095,10.418057388384671,10.418057388384671,LAMA5,LAMA5,1,Gene_Symbol_or_UniProt,ECM Glycoproteins,Core matrisome,Label-free LC-MS/MS,3,5,O15230,Laminin subunit alpha-5,Homo sapiens,LiDermis_2021,Skin dermis,Skin dermis,,,
LiDermis_2021,Skin dermis,Skin dermis,5.09934654963972,5.09934654963972,8.871833998932427,8.871833998932427,P4HA2,P4HA2,1,Gene_Symbol_or_UniProt,ECM Regulators,Matrisome-associated,Label-free LC-MS/MS,1,4,O15460,Prolyl 4-hydroxylase subunit alpha-2,Homo sapiens,LiDermis_2021,Skin dermis,Skin dermis,,,
LiDermis_2021,Skin dermis,Skin dermis,,,6.256167757395279,6.256167757395279,COCH,COCH,1,Gene_Symbol_or_UniProt,ECM Glycoproteins,Core matrisome,Label-free LC-MS/MS,0,3,O43405,Cochlin,Homo sapiens,LiDermis_2021,Skin dermis,Skin dermis,,,
LiDermis_2021,Skin dermis,Skin dermis,6.8293246669688905,6.8293246669688905,,,TGM5,TGM5,1,Gene_Symbol_or_UniProt,ECM Regulators,Matrisome-associated,Label-free LC-MS/MS,2,0,O43548,Protein-glutamine gamma-glutamyltransferase 5,Homo sapiens,LiDermis_2021,Skin dermis,Skin dermis,,,
LiDermis_2021,Skin dermis,Skin dermis,,,6.683979721693942,6.683979721693942,PLOD3,PLOD3,1,Gene_Symbol_or_UniProt,ECM Regulators,Matrisome-associated,Label-free LC-MS/MS,0,5,O60568,Multifunctional procollagen lysine hydroxylase and glycosyltransferase LH3,Homo sapiens,LiDermis_2021,Skin dermis,Skin dermis,,,
LiDermis_2021,Skin dermis,Skin dermis,7.08543553483455,7.08543553483455,6.369337478006867,6.369337478006867,SRPX2,SRPX2,1,Gene_Symbol_or_UniProt,ECM Glycoproteins,Core matrisome,Label-free LC-MS/MS,1,3,O60687,Sushi repeat-containing protein SRPX2,Homo sapiens,LiDermis_2021,Skin dermis,Skin dermis,,,
LiDermis_2021,Skin dermis,Skin dermis,,,7.7583606239081275,7.7583606239081275,CTSV,CTSV,1,Gene_Symbol_or_UniProt,ECM Regulators,Matrisome-associated,Label-free LC-MS/MS,0,3,O60911,Cathepsin L2,Homo sapiens,LiDermis_2021,Skin dermis,Skin dermis,,,
LiDermis_2021,Skin dermis,Skin dermis,,,4.30913347583223,4.30913347583223,SLIT3,SLIT3,1,Gene_Symbol_or_UniProt,ECM Glycoproteins,Core matrisome,Label-free LC-MS/MS,0,2,O75094,Slit homolog 3 protein,Homo sapiens,LiDermis_2021,Skin dermis,Skin dermis,,,
LiDermis_2021,Skin dermis,Skin dermis,,,6.956370844865373,6.956370844865373,MEGF6,MEGF6,1,Gene_Symbol_or_UniProt,Secreted Factors,Matrisome-associated,Label-free LC-MS/MS,0,5,O75095,Multiple epidermal growth factor-like domains protein 6,Homo sapiens,LiDermis_2021,Skin dermis,Skin dermis,,,
LiDermis_2021,Skin dermis,Skin dermis,7.730324639866775,7.730324639866775,,,CILP,CILP,1,Gene_Symbol_or_UniProt,ECM Glycoproteins,Core matrisome,Label-free LC-MS/MS,2,0,O75339,Cartilage intermediate layer protein 1,Homo sapiens,LiDermis_2021,Skin dermis,Skin dermis,,,
LiDermis_2021,Skin dermis,Skin dermis,,,7.238206095941875,7.238206095941875,GPC4,GPC4,1,Gene_Symbol_or_UniProt,ECM-affiliated Proteins,Matrisome-associated,Label-free LC-MS/MS,0,2,O75487,Glypican-4,Homo sapiens,LiDermis_2021,Skin dermis,Skin dermis,,,
LiDermis_2021,Skin dermis,Skin dermis,,,6.25365706043672,6.25365706043672,SERPINB7,SERPINB7,1,Gene_Symbol_or_UniProt,ECM Regulators,Matrisome-associated,Label-free LC-MS/MS,0,3,O75635,Serpin B7,Homo sapiens,LiDermis_2021,Skin dermis,Skin dermis,,,
LiDermis_2021,Skin dermis,Skin dermis,11.9248839976879,11.9248839976879,7.68340635383921,7.68340635383921,TNFSF13,TNFSF13,1,Gene_Symbol_or_UniProt,Secreted Factors,Matrisome-associated,Label-free LC-MS/MS,1,3,O75888,Tumor necrosis factor ligand superfamily member 13,Homo sapiens,LiDermis_2021,Skin dermis,Skin dermis,,,
LiDermis_2021,Skin dermis,Skin dermis,11.931220182553702,11.931220182553702,9.41221664513871,9.41221664513871,CCN5,WISP2,1,Gene_Symbol_or_UniProt,ECM Glycoproteins,Core matrisome,Label-free LC-MS/MS,3,3,O76076,CCN family member 5,Homo sapiens,LiDermis_2021,Skin dermis,Skin dermis,,,
LiDermis_2021,Skin dermis,Skin dermis,7.162673036540886,7.162673036540886,7.827672602354449,7.827672602354449,ECM2,ECM2,1,Gene_Symbol_or_UniProt,ECM Glycoproteins,Core matrisome,Label-free LC-MS/MS,2,5,O94769,Extracellular matrix protein 2,Homo sapiens,LiDermis_2021,Skin dermis,Skin dermis,,,
LiDermis_2021,Skin dermis,Skin dermis,4.59868449051998,4.59868449051998,7.44339171733131,7.44339171733131,PAPLN,PAPLN,1,Gene_Symbol_or_UniProt,ECM Glycoproteins,Core matrisome,Label-free LC-MS/MS,1,4,O95428,Papilin,Homo sapiens,LiDermis_2021,Skin dermis,Skin dermis,,,
LiDermis_2021,Skin dermis,Skin dermis,,,5.980485255040816,5.980485255040816,MATN4,MATN4,1,Gene_Symbol_or_UniProt,ECM Glycoproteins,Core matrisome,Label-free LC-MS/MS,0,3,O95460,Matrilin-4,Homo sapiens,LiDermis_2021,Skin dermis,Skin dermis,,,
LiDermis_2021,Skin dermis,Skin dermis,,,11.1880511235705,11.1880511235705,CXCL14,CXCL14,1,Gene_Symbol_or_UniProt,Secreted Factors,Matrisome-associated,Label-free LC-MS/MS,0,1,O95715,C-X-C motif chemokine 14,Homo sapiens,LiDermis_2021,Skin dermis,Skin dermis,,,
LiDermis_2021,Skin dermis,Skin dermis,,,9.649602879124453,9.649602879124453,EFEMP2,EFEMP2,1,Gene_Symbol_or_UniProt,ECM Glycoproteins,Core matrisome,Label-free LC-MS/MS,0,5,O95967,EGF-containing fibulin-like extracellular matrix protein 2 {ECO:0000305},Homo sapiens,LiDermis_2021,Skin dermis,Skin dermis,,,
LiDermis_2021,Skin dermis,Skin dermis,10.587421071474418,10.587421071474418,14.083787770908037,14.083787770908037,F13A1,F13A1,1,Gene_Symbol_or_UniProt,ECM Regulators,Matrisome-associated,Label-free LC-MS/MS,3,5,P00488,Coagulation factor XIII A chain,Homo sapiens,LiDermis_2021,Skin dermis,Skin dermis,,,
LiDermis_2021,Skin dermis,Skin dermis,6.49390351751573,6.49390351751573,9.858946634896848,9.858946634896848,F2,F2,1,Gene_Symbol_or_UniProt,ECM Regulators,Matrisome-associated,Label-free LC-MS/MS,3,5,P00734,Prothrombin,Homo sapiens,LiDermis_2021,Skin dermis,Skin dermis,,,
LiDermis_2021,Skin dermis,Skin dermis,,,5.318984734824079,5.318984734824079,F9,F9,1,Gene_Symbol_or_UniProt,ECM Regulators,Matrisome-associated,Label-free LC-MS/MS,0,2,P00740,Coagulation factor IX {ECO:0000303|PubMed:3857619},Homo sapiens,LiDermis_2021,Skin dermis,Skin dermis,,,
LiDermis_2021,Skin dermis,Skin dermis,6.14640101693011,6.14640101693011,5.05631486784688,5.05631486784688,F10,F10,1,Gene_Symbol_or_UniProt,ECM Regulators,Matrisome-associated,Label-free LC-MS/MS,1,4,P00742,Coagulation factor X,Homo sapiens,LiDermis_2021,Skin dermis,Skin dermis,,,
LiDermis_2021,Skin dermis,Skin dermis,10.620125404274539,10.620125404274539,10.942336330317742,10.942336330317742,PLG,PLG,1,Gene_Symbol_or_UniProt,ECM Regulators,Matrisome-associated,Label-free LC-MS/MS,2,5,P00747,Plasminogen {ECO:0000303|PubMed:2318848},Homo sapiens,LiDermis_2021,Skin dermis,Skin dermis,,,
LiDermis_2021,Skin dermis,Skin dermis,,,4.765424033321054,4.765424033321054,F12,F12,1,Gene_Symbol_or_UniProt,ECM Regulators,Matrisome-associated,Label-free LC-MS/MS,0,3,P00748,Coagulation factor XII,Homo sapiens,LiDermis_2021,Skin dermis,Skin dermis,,,
LiDermis_2021,Skin dermis,Skin dermis,10.221031517887853,10.221031517887853,11.068027951485742,11.068027951485742,SERPINC1,SERPINC1,1,Gene_Symbol_or_UniProt,ECM Regulators,Matrisome-associated,Label-free LC-MS/MS,3,5,P01008,Antithrombin-III,Homo sapiens,LiDermis_2021,Skin dermis,Skin dermis,,,
LiDermis_2021,Skin dermis,Skin dermis,14.577214142117766,14.577214142117766,14.839040462906903,14.839040462906903,SERPINA1,SERPINA1,1,Gene_Symbol_or_UniProt,ECM Regulators,Matrisome-associated,Label-free LC-MS/MS,3,5,P01009,Alpha-1-antitrypsin {ECO:0000305},Homo sapiens,LiDermis_2021,Skin dermis,Skin dermis,,,
LiDermis_2021,Skin dermis,Skin dermis,11.99692892212095,11.99692892212095,10.766514692409997,10.766514692409997,SERPINA3,SERPINA3,1,Gene_Symbol_or_UniProt,ECM Regulators,Matrisome-associated,Label-free LC-MS/MS,2,5,P01011,Alpha-1-antichymotrypsin,Homo sapiens,LiDermis_2021,Skin dermis,Skin dermis,,,
LiDermis_2021,Skin dermis,Skin dermis,8.247628786292426,8.247628786292426,9.992584337392824,9.992584337392824,AGT,AGT,1,Gene_Symbol_or_UniProt,ECM Regulators,Matrisome-associated,Label-free LC-MS/MS,2,5,P01019,Angiotensinogen {ECO:0000305},Homo sapiens,LiDermis_2021,Skin dermis,Skin dermis,,,
LiDermis_2021,Skin dermis,Skin dermis,12.551061994122767,12.551061994122767,13.426561477675282,13.426561477675282,A2M,A2M,1,Gene_Symbol_or_UniProt,ECM Regulators,Matrisome-associated,Label-free LC-MS/MS,3,5,P01023,Alpha-2-macroglobulin,Homo sapiens,LiDermis_2021,Skin dermis,Skin dermis,,,
LiDermis_2021,Skin dermis,Skin dermis,10.40263321923025,10.40263321923025,10.256733018122414,10.256733018122414,KNG1,KNG1,1,Gene_Symbol_or_UniProt,ECM Regulators,Matrisome-associated,Label-free LC-MS/MS,2,5,P01042,Kininogen-1,Homo sapiens,LiDermis_2021,Skin dermis,Skin dermis,,,
LiDermis_2021,Skin dermis,Skin dermis,,,,,TGFB1,TGFB1,1,Gene_Symbol_or_UniProt,Secreted Factors,Matrisome-associated,Label-free LC-MS/MS,0,0,P01137,Transforming growth factor beta-1 proprotein,Homo sapiens,LiDermis_2021,Skin dermis,Skin dermis,,,
LiDermis_2021,Skin dermis,Skin dermis,19.891909726599298,19.891909726599298,17.795443001564937,17.795443001564937,COL1A1,COL1A1,1,Gene_Symbol_or_UniProt,Collagens,Core matrisome,Label-free LC-MS/MS,3,5,P02452,Collagen alpha-1(I) chain,Homo sapiens,LiDermis_2021,Skin dermis,Skin dermis,,,
LiDermis_2021,Skin dermis,Skin dermis,8.316757002287185,8.316757002287185,,,COL2A1,COL2A1,1,Gene_Symbol_or_UniProt,Collagens,Core matrisome,Label-free LC-MS/MS,2,0,P02458,Collagen alpha-1(II) chain {ECO:0000305},Homo sapiens,LiDermis_2021,Skin dermis,Skin dermis,,,
LiDermis_2021,Skin dermis,Skin dermis,15.781640288694767,15.781640288694767,15.28644073701744,15.28644073701744,COL3A1,COL3A1,1,Gene_Symbol_or_UniProt,Collagens,Core matrisome,Label-free LC-MS/MS,3,5,P02461,Collagen alpha-1(III) chain,Homo sapiens,LiDermis_2021,Skin dermis,Skin dermis,,,
LiDermis_2021,Skin dermis,Skin dermis,12.6285362732145,12.6285362732145,11.071474448752255,11.071474448752255,COL4A1,COL4A1,1,Gene_Symbol_or_UniProt,Collagens,Core matrisome,Label-free LC-MS/MS,2,5,P02462,Collagen alpha-1(IV) chain {ECO:0000305},Homo sapiens,LiDermis_2021,Skin dermis,Skin dermis,,,
LiDermis_2021,Skin dermis,Skin dermis,12.90262647185889,12.90262647185889,14.31760770333346,14.31760770333346,FGA,FGA,1,Gene_Symbol_or_UniProt,ECM Glycoproteins,Core matrisome,Label-free LC-MS/MS,3,5,P02671,Fibrinogen alpha chain,Homo sapiens,LiDermis_2021,Skin dermis,Skin dermis,,,
LiDermis_2021,Skin dermis,Skin dermis,16.547070956585866,16.547070956585866,15.22373195093632,15.22373195093632,FGB,FGB,1,Gene_Symbol_or_UniProt,ECM Glycoproteins,Core matrisome,Label-free LC-MS/MS,3,5,P02675,Fibrinogen beta chain,Homo sapiens,LiDermis_2021,Skin dermis,Skin dermis,,,
LiDermis_2021,Skin dermis,Skin dermis,15.2885270430979,15.2885270430979,15.03997913808142,15.03997913808142,FGG,FGG,1,Gene_Symbol_or_UniProt,ECM Glycoproteins,Core matrisome,Label-free LC-MS/MS,3,5,P02679,Fibrinogen gamma chain,Homo sapiens,LiDermis_2021,Skin dermis,Skin dermis,,,
LiDermis_2021,Skin dermis,Skin dermis,9.74189843135988,9.74189843135988,10.324078251394633,10.324078251394633,C1QA,C1QA,1,Gene_Symbol_or_UniProt,ECM-affiliated Proteins,Matrisome-associated,Label-free LC-MS/MS,1,4,P02745,Complement C1q subcomponent subunit A {ECO:0000305},Homo sapiens,LiDermis_2021,Skin dermis,Skin dermis,,,
LiDermis_2021,Skin dermis,Skin dermis,10.577239901095474,10.577239901095474,10.942544163474562,10.942544163474562,C1QB,C1QB,1,Gene_Symbol_or_UniProt,ECM-affiliated Proteins,Matrisome-associated,Label-free LC-MS/MS,2,5,P02746,Complement C1q subcomponent subunit B {ECO:0000305},Homo sapiens,LiDermis_2021,Skin dermis,Skin dermis,,,
LiDermis_2021,Skin dermis,Skin dermis,10.61426753205805,10.61426753205805,11.08575010889894,11.08575010889894,C1QC,C1QC,1,Gene_Symbol_or_UniProt,ECM-affiliated Proteins,Matrisome-associated,Label-free LC-MS/MS,2,5,P02747,Complement C1q subcomponent subunit C {ECO:0000305},Homo sapiens,LiDermis_2021,Skin dermis,Skin dermis,,,
LiDermis_2021,Skin dermis,Skin dermis,,,4.79986730707427,4.79986730707427,LRG1,LRG1,1,Gene_Symbol_or_UniProt,ECM Glycoproteins,Core matrisome,Label-free LC-MS/MS,0,1,P02750,Leucine-rich alpha-2-glycoprotein,Homo sapiens,LiDermis_2021,Skin dermis,Skin dermis,,,
LiDermis_2021,Skin dermis,Skin dermis,11.196442838341563,11.196442838341563,12.814755291879038,12.814755291879038,FN1,FN1,1,Gene_Symbol_or_UniProt,ECM Glycoproteins,Core matrisome,Label-free LC-MS/MS,3,5,P02751,Fibronectin {ECO:0000305},Homo sapiens,LiDermis_2021,Skin dermis,Skin dermis,,,
LiDermis_2021,Skin dermis,Skin dermis,15.506009785550432,15.506009785550432,11.906441377880029,11.906441377880029,AMBP,AMBP,1,Gene_Symbol_or_UniProt,ECM Regulators,Matrisome-associated,Label-free LC-MS/MS,3,5,P02760,Protein AMBP {ECO:0000303|PubMed:1708673},Homo sapiens,LiDermis_2021,Skin dermis,Skin dermis,,,
LiDermis_2021,Skin dermis,Skin dermis,11.810536591249589,11.810536591249589,12.775328860664462,12.775328860664462,HPX,HPX,1,Gene_Symbol_or_UniProt,ECM-affiliated Proteins,Matrisome-associated,Label-free LC-MS/MS,3,5,P02790,Hemopexin,Homo sapiens,LiDermis_2021,Skin dermis,Skin dermis,,,
LiDermis_2021,Skin dermis,Skin dermis,13.458712911648249,13.458712911648249,9.604927644273314,9.604927644273314,SLPI,SLPI,1,Gene_Symbol_or_UniProt,ECM Regulators,Matrisome-associated,Label-free LC-MS/MS,2,3,P03973,Antileukoproteinase,Homo sapiens,LiDermis_2021,Skin dermis,Skin dermis,,,
LiDermis_2021,Skin dermis,Skin dermis,14.730987424390868,14.730987424390868,11.90526170677696,11.90526170677696,VTN,VTN,1,Gene_Symbol_or_UniProt,ECM Glycoproteins,Core matrisome,Label-free LC-MS/MS,3,5,P04004,Vitronectin,Homo sapiens,LiDermis_2021,Skin dermis,Skin dermis,,,
LiDermis_2021,Skin dermis,Skin dermis,,,7.641175695867383,7.641175695867383,CSTB,CSTB,1,Gene_Symbol_or_UniProt,ECM Regulators,Matrisome-associated,Label-free LC-MS/MS,0,4,P04080,Cystatin-B,Homo sapiens,LiDermis_2021,Skin dermis,Skin dermis,,,
LiDermis_2021,Skin dermis,Skin dermis,10.64021298368917,10.64021298368917,13.36333765418784,13.36333765418784,ANXA1,ANXA1,1,Gene_Symbol_or_UniProt,ECM-affiliated Proteins,Matrisome-associated,Label-free LC-MS/MS,3,5,P04083,Annexin A1,Homo sapiens,LiDermis_2021,Skin dermis,Skin dermis,,,
LiDermis_2021,Skin dermis,Skin dermis,10.209503128682567,10.209503128682567,9.842208941756256,9.842208941756256,HRG,HRG,1,Gene_Symbol_or_UniProt,ECM Regulators,Matrisome-associated,Label-free LC-MS/MS,3,3,P04196,Histidine-rich glycoprotein,Homo sapiens,LiDermis_2021,Skin dermis,Skin dermis,,,
LiDermis_2021,Skin dermis,Skin dermis,,,10.767563412964599,10.767563412964599,S100B,S100B,1,Gene_Symbol_or_UniProt,Secreted Factors,Matrisome-associated,Label-free LC-MS/MS,0,2,P04271,Protein S100-B,Homo sapiens,LiDermis_2021,Skin dermis,Skin dermis,,,
LiDermis_2021,Skin dermis,Skin dermis,7.241998087910917,7.241998087910917,8.635061546376226,8.635061546376226,VWF,VWF,1,Gene_Symbol_or_UniProt,ECM Glycoproteins,Core matrisome,Label-free LC-MS/MS,3,5,P04275,von Willebrand factor,Homo sapiens,LiDermis_2021,Skin dermis,Skin dermis,,,
LiDermis_2021,Skin dermis,Skin dermis,11.89920848555015,11.89920848555015,9.812229433918958,9.812229433918958,S100A8,S100A8,1,Gene_Symbol_or_UniProt,Secreted Factors,Matrisome-associated,Label-free LC-MS/MS,2,4,P05109,Protein S100-A8 {ECO:0000305},Homo sapiens,LiDermis_2021,Skin dermis,Skin dermis,,,
LiDermis_2021,Skin dermis,Skin dermis,8.155536899235091,8.155536899235091,7.967656465675756,7.967656465675756,SERPINB2,SERPINB2,1,Gene_Symbol_or_UniProt,ECM Regulators,Matrisome-associated,Label-free LC-MS/MS,2,4,P05120,Plasminogen activator inhibitor 2,Homo sapiens,LiDermis_2021,Skin dermis,Skin dermis,,,
LiDermis_2021,Skin dermis,Skin dermis,,,6.137477979893863,6.137477979893863,SERPINA5,SERPINA5,1,Gene_Symbol_or_UniProt,ECM Regulators,Matrisome-associated,Label-free LC-MS/MS,0,4,P05154,Plasma serine protease inhibitor,Homo sapiens,LiDermis_2021,Skin dermis,Skin dermis,,,
LiDermis_2021,Skin dermis,Skin dermis,9.492334932916004,9.492334932916004,11.24773402850858,11.24773402850858,SERPING1,SERPING1,1,Gene_Symbol_or_UniProt,ECM Regulators,Matrisome-associated,Label-free LC-MS/MS,3,5,P05155,Plasma protease C1 inhibitor {ECO:0000303|PubMed:3488058},Homo sapiens,LiDermis_2021,Skin dermis,Skin dermis,,,
LiDermis_2021,Skin dermis,Skin dermis,8.999204869780796,8.999204869780796,10.360388025942452,10.360388025942452,SERPIND1,SERPIND1,1,Gene_Symbol_or_UniProt,ECM Regulators,Matrisome-associated,Label-free LC-MS/MS,2,5,P05546,Heparin cofactor 2,Homo sapiens,LiDermis_2021,Skin dermis,Skin dermis,,,
LiDermis_2021,Skin dermis,Skin dermis,12.531814227470688,12.531814227470688,12.2737704502451,12.2737704502451,COL5A2,COL5A2,1,Gene_Symbol_or_UniProt,Collagens,Core matrisome,Label-free LC-MS/MS,3,5,P05997,Collagen alpha-2(V) chain,Homo sapiens,LiDermis_2021,Skin dermis,Skin dermis,,,
LiDermis_2021,Skin dermis,Skin dermis,13.267631277543149,13.267631277543149,10.710040229317631,10.710040229317631,S100A9,S100A9,1,Gene_Symbol_or_UniProt,Secreted Factors,Matrisome-associated,Label-free LC-MS/MS,2,5,P06702,Protein S100-A9,Homo sapiens,LiDermis_2021,Skin dermis,Skin dermis,,,
LiDermis_2021,Skin dermis,Skin dermis,,,13.642582297139262,13.642582297139262,S100A6,S100A6,1,Gene_Symbol_or_UniProt,Secreted Factors,Matrisome-associated,Label-free LC-MS/MS,0,5,P06703,Protein S100-A6,Homo sapiens,LiDermis_2021,Skin dermis,Skin dermis,,,
LiDermis_2021,Skin dermis,Skin dermis,,,4.73663732498912,4.73663732498912,SERPINE2,SERPINE2,1,Gene_Symbol_or_UniProt,ECM Regulators,Matrisome-associated,Label-free LC-MS/MS,0,1,P07093,Glia-derived nexin,Homo sapiens,LiDermis_2021,Skin dermis,Skin dermis,,,
LiDermis_2021,Skin dermis,Skin dermis,10.260830182432679,10.260830182432679,10.93196285739854,10.93196285739854,CTSD,CTSD,1,Gene_Symbol_or_UniProt,ECM Regulators,Matrisome-associated,Label-free LC-MS/MS,3,5,P07339,Cathepsin D,Homo sapiens,LiDermis_2021,Skin dermis,Skin dermis,,,
LiDermis_2021,Skin dermis,Skin dermis,13.395520747495167,13.395520747495167,16.336802437346478,16.336802437346478,ANXA2,ANXA2,1,Gene_Symbol_or_UniProt,ECM-affiliated Proteins,Matrisome-associated,Label-free LC-MS/MS,3,5,P07355,Annexin A2,Homo sapiens,LiDermis_2021,Skin dermis,Skin dermis,,,
LiDermis_2021,Skin dermis,Skin dermis,18.8081392692152,18.8081392692152,16.4546441909011,16.4546441909011,DCN,DCN,1,Gene_Symbol_or_UniProt,Proteoglycans,Core matrisome,Label-free LC-MS/MS,3,5,P07585,Decorin,Homo sapiens,LiDermis_2021,Skin dermis,Skin dermis,,,
LiDermis_2021,Skin dermis,Skin dermis,8.86242418223804,8.86242418223804,9.51496883061407,9.51496883061407,CTSB,CTSB,1,Gene_Symbol_or_UniProt,ECM Regulators,Matrisome-associated,Label-free LC-MS/MS,1,4,P07858,Cathepsin B,Homo sapiens,LiDermis_2021,Skin dermis,Skin dermis,,,
LiDermis_2021,Skin dermis,Skin dermis,8.611312801551973,8.611312801551973,9.666906261120886,9.666906261120886,LAMB1,LAMB1,1,Gene_Symbol_or_UniProt,ECM Glycoproteins,Core matrisome,Label-free LC-MS/MS,3,5,P07942,Laminin subunit beta-1,Homo sapiens,LiDermis_2021,Skin dermis,Skin dermis,,,
LiDermis_2021,Skin dermis,Skin dermis,18.7054990860167,18.7054990860167,17.628853447916498,17.628853447916498,COL1A2,COL1A2,1,Gene_Symbol_or_UniProt,Collagens,Core matrisome,Label-free LC-MS/MS,3,5,P08123,Collagen alpha-2(I) chain,Homo sapiens,LiDermis_2021,Skin dermis,Skin dermis,,,
LiDermis_2021,Skin dermis,Skin dermis,10.624463549326483,10.624463549326483,13.445962833045161,13.445962833045161,ANXA6,ANXA6,1,Gene_Symbol_or_UniProt,ECM-affiliated Proteins,Matrisome-associated,Label-free LC-MS/MS,3,5,P08133,Annexin A6,Homo sapiens,LiDermis_2021,Skin dermis,Skin dermis,,,
LiDermis_2021,Skin dermis,Skin dermis,8.50623910749021,8.50623910749021,7.67422771480506,7.67422771480506,SERPINA6,SERPINA6,1,Gene_Symbol_or_UniProt,ECM Regulators,Matrisome-associated,Label-free LC-MS/MS,1,3,P08185,Corticosteroid-binding globulin,Homo sapiens,LiDermis_2021,Skin dermis,Skin dermis,,,
LiDermis_2021,Skin dermis,Skin dermis,7.3524036765796765,7.3524036765796765,8.611839901334337,8.611839901334337,MMP2,MMP2,1,Gene_Symbol_or_UniProt,ECM Regulators,Matrisome-associated,Label-free LC-MS/MS,3,5,P08253,"72 kDa type IV collagenase {ECO:0000303|PubMed:2162831, ECO:0000303|PubMed:2834383}",Homo sapiens,LiDermis_2021,Skin dermis,Skin dermis,,,
LiDermis_2021,Skin dermis,Skin dermis,13.9483007220062,13.9483007220062,12.95846542124844,12.95846542124844,CTSG,CTSG,1,Gene_Symbol_or_UniProt,ECM Regulators,Matrisome-associated,Label-free LC-MS/MS,3,5,P08311,Cathepsin G,Homo sapiens,LiDermis_2021,Skin dermis,Skin dermis,,,
LiDermis_2021,Skin dermis,Skin dermis,10.4480194258527,10.4480194258527,,,MGP,MGP,1,Gene_Symbol_or_UniProt,ECM Glycoproteins,Core matrisome,Label-free LC-MS/MS,1,0,P08493,Matrix Gla protein,Homo sapiens,LiDermis_2021,Skin dermis,Skin dermis,,,
LiDermis_2021,Skin dermis,Skin dermis,,,3.82398571420568,3.82398571420568,LPA,LPA,1,Gene_Symbol_or_UniProt,ECM Regulators,Matrisome-associated,Label-free LC-MS/MS,0,1,P08519,Apolipoprotein(a),Homo sapiens,LiDermis_2021,Skin dermis,Skin dermis,,,
LiDermis_2021,Skin dermis,Skin dermis,12.605851349942933,12.605851349942933,11.019025724584122,11.019025724584122,COL4A2,COL4A2,1,Gene_Symbol_or_UniProt,Collagens,Core matrisome,Label-free LC-MS/MS,3,5,P08572,Collagen alpha-2(IV) chain {ECO:0000305},Homo sapiens,LiDermis_2021,Skin dermis,Skin dermis,,,
LiDermis_2021,Skin dermis,Skin dermis,8.78906073411804,8.78906073411804,9.895267874683924,9.895267874683924,SERPINF2,SERPINF2,1,Gene_Symbol_or_UniProt,ECM Regulators,Matrisome-associated,Label-free LC-MS/MS,3,5,P08697,Alpha-2-antiplasmin,Homo sapiens,LiDermis_2021,Skin dermis,Skin dermis,,,
LiDermis_2021,Skin dermis,Skin dermis,10.664839002175853,10.664839002175853,14.25184393898034,14.25184393898034,ANXA5,ANXA5,1,Gene_Symbol_or_UniProt,ECM-affiliated Proteins,Matrisome-associated,Label-free LC-MS/MS,3,5,P08758,Annexin A5,Homo sapiens,LiDermis_2021,Skin dermis,Skin dermis,,,
LiDermis_2021,Skin dermis,Skin dermis,9.957397259360613,9.957397259360613,13.534011789367858,13.534011789367858,LGALS1,LGALS1,1,Gene_Symbol_or_UniProt,ECM-affiliated Proteins,Matrisome-associated,Label-free LC-MS/MS,3,5,P09382,Galectin-1,Homo sapiens,LiDermis_2021,Skin dermis,Skin dermis,,,
LiDermis_2021,Skin dermis,Skin dermis,12.1543089280184,12.1543089280184,8.769010919049835,8.769010919049835,SPARC,SPARC,1,Gene_Symbol_or_UniProt,ECM Glycoproteins,Core matrisome,Label-free LC-MS/MS,1,4,P09486,SPARC,Homo sapiens,LiDermis_2021,Skin dermis,Skin dermis,,,
LiDermis_2021,Skin dermis,Skin dermis,11.9644269164422,11.9644269164422,12.7046247127151,12.7046247127151,ANXA4,ANXA4,1,Gene_Symbol_or_UniProt,ECM-affiliated Proteins,Matrisome-associated,Label-free LC-MS/MS,2,5,P09525,Annexin A4 {ECO:0000305},Homo sapiens,LiDermis_2021,Skin dermis,Skin dermis,,,
LiDermis_2021,Skin dermis,Skin dermis,7.13035094592171,7.13035094592171,4.48320032935283,4.48320032935283,HAPLN1,HAPLN1,1,Gene_Symbol_or_UniProt,Proteoglycans,Core matrisome,Label-free LC-MS/MS,1,1,P10915,Hyaluronan and proteoglycan link protein 1,Homo sapiens,LiDermis_2021,Skin dermis,Skin dermis,,,
LiDermis_2021,Skin dermis,Skin dermis,12.488637315416533,12.488637315416533,12.2191578631849,12.2191578631849,LAMC1,LAMC1,1,Gene_Symbol_or_UniProt,ECM Glycoproteins,Core matrisome,Label-free LC-MS/MS,3,5,P11047,Laminin subunit gamma-1,Homo sapiens,LiDermis_2021,Skin dermis,Skin dermis,,,
LiDermis_2021,Skin dermis,Skin dermis,,,5.55379780842917,5.55379780842917,COL11A1,COL11A1,1,Gene_Symbol_or_UniProt,Collagens,Core matrisome,Label-free LC-MS/MS,0,1,P12107,Collagen alpha-1(XI) chain,Homo sapiens,LiDermis_2021,Skin dermis,Skin dermis,,,
LiDermis_2021,Skin dermis,Skin dermis,19.245607028780967,19.245607028780967,18.34829353998116,18.34829353998116,COL6A1,COL6A1,1,Gene_Symbol_or_UniProt,Collagens,Core matrisome,Label-free LC-MS/MS,3,5,P12109,Collagen alpha-1(VI) chain,Homo sapiens,LiDermis_2021,Skin dermis,Skin dermis,,,
LiDermis_2021,Skin dermis,Skin dermis,18.50105142335167,18.50105142335167,18.02688425360324,18.02688425360324,COL6A2,COL6A2,1,Gene_Symbol_or_UniProt,Collagens,Core matrisome,Label-free LC-MS/MS,3,5,P12110,Collagen alpha-2(VI) chain,Homo sapiens,LiDermis_2021,Skin dermis,Skin dermis,,,
LiDermis_2021,Skin dermis,Skin dermis,18.014191740915532,18.014191740915532,17.63298523791922,17.63298523791922,COL6A3,COL6A3,1,Gene_Symbol_or_UniProt,Collagens,Core matrisome,Label-free LC-MS/MS,3,5,P12111,Collagen alpha-3(VI) chain,Homo sapiens,LiDermis_2021,Skin dermis,Skin dermis,,,
LiDermis_2021,Skin dermis,Skin dermis,7.02893336698863,7.02893336698863,8.006632522341778,8.006632522341778,ANXA3,ANXA3,1,Gene_Symbol_or_UniProt,ECM-affiliated Proteins,Matrisome-associated,Label-free LC-MS/MS,1,5,P12429,Annexin A3,Homo sapiens,LiDermis_2021,Skin dermis,Skin dermis,,,
LiDermis_2021,Skin dermis,Skin dermis,12.800110062999067,12.800110062999067,12.074858669558981,12.074858669558981,VCAN,VCAN,1,Gene_Symbol_or_UniProt,Proteoglycans,Core matrisome,Label-free LC-MS/MS,3,5,P13611,Versican core protein,Homo sapiens,LiDermis_2021,Skin dermis,Skin dermis,,,
LiDermis_2021,Skin dermis,Skin dermis,6.65582101615415,6.65582101615415,8.15373367395563,8.15373367395563,P4HA1,P4HA1,1,Gene_Symbol_or_UniProt,ECM Regulators,Matrisome-associated,Label-free LC-MS/MS,1,5,P13674,Prolyl 4-hydroxylase subunit alpha-1,Homo sapiens,LiDermis_2021,Skin dermis,Skin dermis,,,
LiDermis_2021,Skin dermis,Skin dermis,7.90152284046574,7.90152284046574,8.703808143723704,8.703808143723704,PRG2,PRG2,1,Gene_Symbol_or_UniProt,Proteoglycans,Core matrisome,Label-free LC-MS/MS,1,3,P13727,Bone marrow proteoglycan,Homo sapiens,LiDermis_2021,Skin dermis,Skin dermis,,,
LiDermis_2021,Skin dermis,Skin dermis,,,6.38227553858647,6.38227553858647,ANXA8,ANXA8,1,Gene_Symbol_or_UniProt,ECM-affiliated Proteins,Matrisome-associated,Label-free LC-MS/MS,0,1,P13928,Annexin A8 {ECO:0000312|HGNC:HGNC:546},Homo sapiens,LiDermis_2021,Skin dermis,Skin dermis,,,
LiDermis_2021,Skin dermis,Skin dermis,11.605440452797234,11.605440452797234,11.42252755363754,11.42252755363754,NID1,NID1,1,Gene_Symbol_or_UniProt,ECM Glycoproteins,Core matrisome,Label-free LC-MS/MS,3,5,P14543,Nidogen-1,Homo sapiens,LiDermis_2021,Skin dermis,Skin dermis,,,
LiDermis_2021,Skin dermis,Skin dermis,17.370566904639468,17.370566904639468,8.233384805893595,8.233384805893595,ELN,ELN,1,Gene_Symbol_or_UniProt,ECM Glycoproteins,Core matrisome,Label-free LC-MS/MS,3,5,P15502,Elastin,Homo sapiens,LiDermis_2021,Skin dermis,Skin dermis,,,
LiDermis_2021,Skin dermis,Skin dermis,,,8.074853964959505,8.074853964959505,ACAN,ACAN,1,Gene_Symbol_or_UniProt,Proteoglycans,Core matrisome,Label-free LC-MS/MS,0,2,P16112,Aggrecan core protein,Homo sapiens,LiDermis_2021,Skin dermis,Skin dermis,,,
LiDermis_2021,Skin dermis,Skin dermis,9.20436408960516,9.20436408960516,12.00016403400136,12.00016403400136,LGALS3,LGALS3,1,Gene_Symbol_or_UniProt,ECM-affiliated Proteins,Matrisome-associated,Label-free LC-MS/MS,1,5,P17931,Galectin-3,Homo sapiens,LiDermis_2021,Skin dermis,Skin dermis,,,
LiDermis_2021,Skin dermis,Skin dermis,,,,,SDC1,SDC1,1,Gene_Symbol_or_UniProt,ECM-affiliated Proteins,Matrisome-associated,Label-free LC-MS/MS,0,0,P18827,Syndecan-1 {ECO:0000312|HGNC:HGNC:10658},Homo sapiens,LiDermis_2021,Skin dermis,Skin dermis,,,
LiDermis_2021,Skin dermis,Skin dermis,8.389758546152276,8.389758546152276,12.61545507852714,12.61545507852714,ITIH2,ITIH2,1,Gene_Symbol_or_UniProt,ECM Regulators,Matrisome-associated,Label-free LC-MS/MS,2,5,P19823,Inter-alpha-trypsin inhibitor heavy chain H2,Homo sapiens,LiDermis_2021,Skin dermis,Skin dermis,,,
LiDermis_2021,Skin dermis,Skin dermis,9.955727393647715,9.955727393647715,12.61415306977514,12.61415306977514,ITIH1,ITIH1,1,Gene_Symbol_or_UniProt,ECM Regulators,Matrisome-associated,Label-free LC-MS/MS,2,5,P19827,Inter-alpha-trypsin inhibitor heavy chain H1,Homo sapiens,LiDermis_2021,Skin dermis,Skin dermis,,,
LiDermis_2021,Skin dermis,Skin dermis,7.727630266885217,7.727630266885217,10.75334480612866,10.75334480612866,ANXA7,ANXA7,1,Gene_Symbol_or_UniProt,ECM-affiliated Proteins,Matrisome-associated,Label-free LC-MS/MS,3,5,P20073,Annexin A7,Homo sapiens,LiDermis_2021,Skin dermis,Skin dermis,,,
LiDermis_2021,Skin dermis,Skin dermis,6.21995281541703,6.21995281541703,,,PZP,PZP,1,Gene_Symbol_or_UniProt,ECM Regulators,Matrisome-associated,Label-free LC-MS/MS,1,0,P20742,Pregnancy zone protein,Homo sapiens,LiDermis_2021,Skin dermis,Skin dermis,,,
LiDermis_2021,Skin dermis,Skin dermis,19.024296260881133,19.024296260881133,17.07238613732092,17.07238613732092,OGN,OGN,1,Gene_Symbol_or_UniProt,Proteoglycans,Core matrisome,Label-free LC-MS/MS,3,5,P20774,Mimecan,Homo sapiens,LiDermis_2021,Skin dermis,Skin dermis,,,
LiDermis_2021,Skin dermis,Skin dermis,12.160770766580702,12.160770766580702,12.74426071321556,12.74426071321556,COL5A1,COL5A1,1,Gene_Symbol_or_UniProt,Collagens,Core matrisome,Label-free LC-MS/MS,3,5,P20908,Collagen alpha-1(V) chain,Homo sapiens,LiDermis_2021,Skin dermis,Skin dermis,,,
LiDermis_2021,Skin dermis,Skin dermis,15.708605678465801,15.708605678465801,14.98942112641738,14.98942112641738,BGN,BGN,1,Gene_Symbol_or_UniProt,Proteoglycans,Core matrisome,Label-free LC-MS/MS,3,5,P21810,Biglycan,Homo sapiens,LiDermis_2021,Skin dermis,Skin dermis,,,
LiDermis_2021,Skin dermis,Skin dermis,6.65655076226675,6.65655076226675,6.361217866563305,6.361217866563305,TGM2,TGM2,1,Gene_Symbol_or_UniProt,ECM Regulators,Matrisome-associated,Label-free LC-MS/MS,1,4,P21980,Protein-glutamine gamma-glutamyltransferase 2 {ECO:0000305},Homo sapiens,LiDermis_2021,Skin dermis,Skin dermis,,,
LiDermis_2021,Skin dermis,Skin dermis,9.561232960372527,9.561232960372527,12.098480602352089,12.098480602352089,TNXB,TNXB,1,Gene_Symbol_or_UniProt,ECM Glycoproteins,Core matrisome,Label-free LC-MS/MS,3,5,P22105,Tenascin-X {ECO:0000305},Homo sapiens,LiDermis_2021,Skin dermis,Skin dermis,,,
LiDermis_2021,Skin dermis,Skin dermis,,,4.655641896038584,4.655641896038584,TGM1,TGM1,1,Gene_Symbol_or_UniProt,ECM Regulators,Matrisome-associated,Label-free LC-MS/MS,0,3,P22735,Protein-glutamine gamma-glutamyltransferase K,Homo sapiens,LiDermis_2021,Skin dermis,Skin dermis,,,
LiDermis_2021,Skin dermis,Skin dermis,,,6.7123141972056555,6.7123141972056555,CPN2,CPN2,1,Gene_Symbol_or_UniProt,ECM Regulators,Matrisome-associated,Label-free LC-MS/MS,0,2,P22792,Carboxypeptidase N subunit 2,Homo sapiens,LiDermis_2021,Skin dermis,Skin dermis,,,
LiDermis_2021,Skin dermis,Skin dermis,7.75813820676297,7.75813820676297,,,S100A1,S100A1,1,Gene_Symbol_or_UniProt,Secreted Factors,Matrisome-associated,Label-free LC-MS/MS,1,0,P23297,Protein S100-A1,Homo sapiens,LiDermis_2021,Skin dermis,Skin dermis,,,
LiDermis_2021,Skin dermis,Skin dermis,5.767745225528473,5.767745225528473,6.434763481650324,6.434763481650324,LAMA2,LAMA2,1,Gene_Symbol_or_UniProt,ECM Glycoproteins,Core matrisome,Label-free LC-MS/MS,3,5,P24043,Laminin subunit alpha-2,Homo sapiens,LiDermis_2021,Skin dermis,Skin dermis,,,
LiDermis_2021,Skin dermis,Skin dermis,8.081309414352871,8.081309414352871,9.09464163833648,9.09464163833648,TNC,TNC,1,Gene_Symbol_or_UniProt,ECM Glycoproteins,Core matrisome,Label-free LC-MS/MS,3,5,P24821,Tenascin,Homo sapiens,LiDermis_2021,Skin dermis,Skin dermis,,,
LiDermis_2021,Skin dermis,Skin dermis,8.485634712503971,8.485634712503971,8.465487903658346,8.465487903658346,COL5A3,COL5A3,1,Gene_Symbol_or_UniProt,Collagens,Core matrisome,Label-free LC-MS/MS,3,5,P25940,Collagen alpha-3(V) chain,Homo sapiens,LiDermis_2021,Skin dermis,Skin dermis,,,
LiDermis_2021,Skin dermis,Skin dermis,,,12.310312054607198,12.310312054607198,S100A4,S100A4,1,Gene_Symbol_or_UniProt,Secreted Factors,Matrisome-associated,Label-free LC-MS/MS,0,4,P26447,Protein S100-A4,Homo sapiens,LiDermis_2021,Skin dermis,Skin dermis,,,
LiDermis_2021,Skin dermis,Skin dermis,8.29020979477111,8.29020979477111,,,COL8A1,COL8A1,1,Gene_Symbol_or_UniProt,Collagens,Core matrisome,Label-free LC-MS/MS,1,0,P27658,Collagen alpha-1(VIII) chain,Homo sapiens,LiDermis_2021,Skin dermis,Skin dermis,,,
LiDermis_2021,Skin dermis,Skin dermis,13.812568702903732,13.812568702903732,12.7091071090171,12.7091071090171,LOX,LOX,1,Gene_Symbol_or_UniProt,ECM Regulators,Matrisome-associated,Label-free LC-MS/MS,3,5,P28300,Protein-lysine 6-oxidase,Homo sapiens,LiDermis_2021,Skin dermis,Skin dermis,,,
LiDermis_2021,Skin dermis,Skin dermis,,,7.79664797891254,7.79664797891254,S100A2,S100A2,1,Gene_Symbol_or_UniProt,Secreted Factors,Matrisome-associated,Label-free LC-MS/MS,0,3,P29034,Protein S100-A2,Homo sapiens,LiDermis_2021,Skin dermis,Skin dermis,,,
LiDermis_2021,Skin dermis,Skin dermis,,,5.529927541010682,5.529927541010682,COL4A5,COL4A5,1,Gene_Symbol_or_UniProt,Collagens,Core matrisome,Label-free LC-MS/MS,0,4,P29400,Collagen alpha-5(IV) chain,Homo sapiens,LiDermis_2021,Skin dermis,Skin dermis,,,
LiDermis_2021,Skin dermis,Skin dermis,,,5.87050347804311,5.87050347804311,SERPINB3,SERPINB3,1,Gene_Symbol_or_UniProt,ECM Regulators,Matrisome-associated,Label-free LC-MS/MS,0,1,P29508,Serpin B3,Homo sapiens,LiDermis_2021,Skin dermis,Skin dermis,,,
LiDermis_2021,Skin dermis,Skin dermis,7.48932089559973,7.48932089559973,7.527345937876078,7.527345937876078,SERPINA4,SERPINA4,1,Gene_Symbol_or_UniProt,ECM Regulators,Matrisome-associated,Label-free LC-MS/MS,1,5,P29622,Kallistatin,Homo sapiens,LiDermis_2021,Skin dermis,Skin dermis,,,
LiDermis_2021,Skin dermis,Skin dermis,9.95599744973283,9.95599744973283,11.402002603804412,11.402002603804412,SERPINB1,SERPINB1,1,Gene_Symbol_or_UniProt,ECM Regulators,Matrisome-associated,Label-free LC-MS/MS,3,5,P30740,Leukocyte elastase inhibitor,Homo sapiens,LiDermis_2021,Skin dermis,Skin dermis,,,
LiDermis_2021,Skin dermis,Skin dermis,11.6575109488927,11.6575109488927,7.2686537954558235,7.2686537954558235,S100A7,S100A7,1,Gene_Symbol_or_UniProt,Secreted Factors,Matrisome-associated,Label-free LC-MS/MS,2,3,P31151,Protein S100-A7,Homo sapiens,LiDermis_2021,Skin dermis,Skin dermis,,,
LiDermis_2021,Skin dermis,Skin dermis,11.450857208695975,11.450857208695975,12.25890563746914,12.25890563746914,S100A11,S100A11,1,Gene_Symbol_or_UniProt,Secreted Factors,Matrisome-associated,Label-free LC-MS/MS,2,5,P31949,Protein S100-A11,Homo sapiens,LiDermis_2021,Skin dermis,Skin dermis,,,
LiDermis_2021,Skin dermis,Skin dermis,,,9.354871970301435,9.354871970301435,S100A3,S100A3,1,Gene_Symbol_or_UniProt,Secreted Factors,Matrisome-associated,Label-free LC-MS/MS,0,2,P33764,Protein S100-A3,Homo sapiens,LiDermis_2021,Skin dermis,Skin dermis,,,
LiDermis_2021,Skin dermis,Skin dermis,8.024206359411576,8.024206359411576,10.96228641597572,10.96228641597572,SERPINB6,SERPINB6,1,Gene_Symbol_or_UniProt,ECM Regulators,Matrisome-associated,Label-free LC-MS/MS,2,5,P35237,Serpin B6,Homo sapiens,LiDermis_2021,Skin dermis,Skin dermis,,,
LiDermis_2021,Skin dermis,Skin dermis,4.28800355118296,4.28800355118296,5.904535312102834,5.904535312102834,THBS2,THBS2,1,Gene_Symbol_or_UniProt,ECM Glycoproteins,Core matrisome,Label-free LC-MS/MS,1,5,P35442,Thrombospondin-2,Homo sapiens,LiDermis_2021,Skin dermis,Skin dermis,,,
LiDermis_2021,Skin dermis,Skin dermis,,,3.7625569710388462,3.7625569710388462,THBS4,THBS4,1,Gene_Symbol_or_UniProt,ECM Glycoproteins,Core matrisome,Label-free LC-MS/MS,0,3,P35443,Thrombospondin-4,Homo sapiens,LiDermis_2021,Skin dermis,Skin dermis,,,
LiDermis_2021,Skin dermis,Skin dermis,16.737795600702466,16.737795600702466,14.2510808843551,14.2510808843551,FBN1,FBN1,1,Gene_Symbol_or_UniProt,ECM Glycoproteins,Core matrisome,Label-free LC-MS/MS,3,5,P35555,Fibrillin-1 {ECO:0000303|PubMed:15221638},Homo sapiens,LiDermis_2021,Skin dermis,Skin dermis,,,
LiDermis_2021,Skin dermis,Skin dermis,10.070355032612024,10.070355032612024,8.80295359909003,8.80295359909003,FBN2,FBN2,1,Gene_Symbol_or_UniProt,ECM Glycoproteins,Core matrisome,Label-free LC-MS/MS,2,5,P35556,Fibrillin-2 {ECO:0000303|PubMed:32329225},Homo sapiens,LiDermis_2021,Skin dermis,Skin dermis,,,
LiDermis_2021,Skin dermis,Skin dermis,12.053025578304892,12.053025578304892,7.20186153363899,7.20186153363899,TIMP3,TIMP3,1,Gene_Symbol_or_UniProt,ECM Regulators,Matrisome-associated,Label-free LC-MS/MS,3,2,P35625,Metalloproteinase inhibitor 3,Homo sapiens,LiDermis_2021,Skin dermis,Skin dermis,,,
LiDermis_2021,Skin dermis,Skin dermis,,,8.267306570486392,8.267306570486392,IGFALS,IGFALS,1,Gene_Symbol_or_UniProt,ECM Glycoproteins,Core matrisome,Label-free LC-MS/MS,0,3,P35858,Insulin-like growth factor-binding protein complex acid labile subunit,Homo sapiens,LiDermis_2021,Skin dermis,Skin dermis,,,
LiDermis_2021,Skin dermis,Skin dermis,10.74024901934315,10.74024901934315,11.69508003422754,11.69508003422754,SERPINB5,SERPINB5,1,Gene_Symbol_or_UniProt,ECM Regulators,Matrisome-associated,Label-free LC-MS/MS,2,5,P36952,Serpin B5,Homo sapiens,LiDermis_2021,Skin dermis,Skin dermis,,,
LiDermis_2021,Skin dermis,Skin dermis,9.73644467365317,9.73644467365317,11.945641057829858,11.945641057829858,SERPINF1,SERPINF1,1,Gene_Symbol_or_UniProt,ECM Regulators,Matrisome-associated,Label-free LC-MS/MS,1,5,P36955,Pigment epithelium-derived factor,Homo sapiens,LiDermis_2021,Skin dermis,Skin dermis,,,
LiDermis_2021,Skin dermis,Skin dermis,8.83524134527654,8.83524134527654,9.46140706926499,9.46140706926499,COL15A1,COL15A1,1,Gene_Symbol_or_UniProt,Collagens,Core matrisome,Label-free LC-MS/MS,2,5,P39059,Collagen alpha-1(XV) chain,Homo sapiens,LiDermis_2021,Skin dermis,Skin dermis,,,
LiDermis_2021,Skin dermis,Skin dermis,6.3400513450866995,6.3400513450866995,10.461400263429862,10.461400263429862,COL18A1,COL18A1,1,Gene_Symbol_or_UniProt,Collagens,Core matrisome,Label-free LC-MS/MS,3,5,P39060,Collagen alpha-1(XVIII) chain {ECO:0000305},Homo sapiens,LiDermis_2021,Skin dermis,Skin dermis,,,
LiDermis_2021,Skin dermis,Skin dermis,5.45887785893646,5.45887785893646,,,MMP12,MMP12,1,Gene_Symbol_or_UniProt,ECM Regulators,Matrisome-associated,Label-free LC-MS/MS,1,0,P39900,Macrophage metalloelastase,Homo sapiens,LiDermis_2021,Skin dermis,Skin dermis,,,
LiDermis_2021,Skin dermis,Skin dermis,,,,,CTSK,CTSK,1,Gene_Symbol_or_UniProt,ECM Regulators,Matrisome-associated,Label-free LC-MS/MS,0,0,P43235,Cathepsin K,Homo sapiens,LiDermis_2021,Skin dermis,Skin dermis,,,
LiDermis_2021,Skin dermis,Skin dermis,12.375128815679828,12.375128815679828,15.109391321451401,15.109391321451401,LGALS7,LGALS7,1,Gene_Symbol_or_UniProt,ECM-affiliated Proteins,Matrisome-associated,Label-free LC-MS/MS,3,5,P47929,Galectin-7,Homo sapiens,LiDermis_2021,Skin dermis,Skin dermis,,,
LiDermis_2021,Skin dermis,Skin dermis,13.9857388099379,13.9857388099379,9.374349540818445,9.374349540818445,CXCL12,CXCL12,1,Gene_Symbol_or_UniProt,Secreted Factors,Matrisome-associated,Label-free LC-MS/MS,2,3,P48061,Stromal cell-derived factor 1,Homo sapiens,LiDermis_2021,Skin dermis,Skin dermis,,,
LiDermis_2021,Skin dermis,Skin dermis,7.440981739686023,7.440981739686023,,,SERPINB4,SERPINB4,1,Gene_Symbol_or_UniProt,ECM Regulators,Matrisome-associated,Label-free LC-MS/MS,3,0,P48594,Serpin B4,Homo sapiens,LiDermis_2021,Skin dermis,Skin dermis,,,
LiDermis_2021,Skin dermis,Skin dermis,,,11.872189502362,11.872189502362,LMAN1,LMAN1,1,Gene_Symbol_or_UniProt,ECM-affiliated Proteins,Matrisome-associated,Label-free LC-MS/MS,0,5,P49257,Protein ERGIC-53,Homo sapiens,LiDermis_2021,Skin dermis,Skin dermis,,,
LiDermis_2021,Skin dermis,Skin dermis,16.8730831336963,16.8730831336963,10.369361192473225,10.369361192473225,THBS3,THBS3,1,Gene_Symbol_or_UniProt,ECM Glycoproteins,Core matrisome,Label-free LC-MS/MS,1,5,P49746,Thrombospondin-3,Homo sapiens,LiDermis_2021,Skin dermis,Skin dermis,,,
LiDermis_2021,Skin dermis,Skin dermis,7.86587467800502,7.86587467800502,,,VEGFB,VEGFB,1,Gene_Symbol_or_UniProt,Secreted Factors,Matrisome-associated,Label-free LC-MS/MS,3,0,P49765,Vascular endothelial growth factor B,Homo sapiens,LiDermis_2021,Skin dermis,Skin dermis,,,
LiDermis_2021,Skin dermis,Skin dermis,,,6.240120295210341,6.240120295210341,MMP14,MMP14,1,Gene_Symbol_or_UniProt,ECM Regulators,Matrisome-associated,Label-free LC-MS/MS,0,2,P50281,Matrix metalloproteinase-14,Homo sapiens,LiDermis_2021,Skin dermis,Skin dermis,,,
LiDermis_2021,Skin dermis,Skin dermis,3.77427887345937,3.77427887345937,5.500798284032294,5.500798284032294,SERPINB8,SERPINB8,1,Gene_Symbol_or_UniProt,ECM Regulators,Matrisome-associated,Label-free LC-MS/MS,1,4,P50452,Serpin B8,Homo sapiens,LiDermis_2021,Skin dermis,Skin dermis,,,
LiDermis_2021,Skin dermis,Skin dermis,,,6.90309591017191,6.90309591017191,SERPINB9,SERPINB9,1,Gene_Symbol_or_UniProt,ECM Regulators,Matrisome-associated,Label-free LC-MS/MS,0,3,P50453,Serpin B9,Homo sapiens,LiDermis_2021,Skin dermis,Skin dermis,,,
LiDermis_2021,Skin dermis,Skin dermis,8.434475483464697,8.434475483464697,15.17863025237246,15.17863025237246,SERPINH1,SERPINH1,1,Gene_Symbol_or_UniProt,ECM Regulators,Matrisome-associated,Label-free LC-MS/MS,3,5,P50454,Serpin H1,Homo sapiens,LiDermis_2021,Skin dermis,Skin dermis,,,
LiDermis_2021,Skin dermis,Skin dermis,7.541310546950441,7.541310546950441,10.596337439478893,10.596337439478893,ANXA11,ANXA11,1,Gene_Symbol_or_UniProt,ECM-affiliated Proteins,Matrisome-associated,Label-free LC-MS/MS,3,5,P50995,Annexin A11,Homo sapiens,LiDermis_2021,Skin dermis,Skin dermis,,,
LiDermis_2021,Skin dermis,Skin dermis,5.157320720131365,5.157320720131365,7.150330747572058,7.150330747572058,HCFC1,HCFC1,1,Gene_Symbol_or_UniProt,Secreted Factors,Matrisome-associated,Label-free LC-MS/MS,2,5,P51610,Host cell factor 1 {ECO:0000303|PubMed:10629049},Homo sapiens,LiDermis_2021,Skin dermis,Skin dermis,,,
LiDermis_2021,Skin dermis,Skin dermis,16.021472380533968,16.021472380533968,17.32502266991516,17.32502266991516,LUM,LUM,1,Gene_Symbol_or_UniProt,Proteoglycans,Core matrisome,Label-free LC-MS/MS,3,5,P51884,Lumican,Homo sapiens,LiDermis_2021,Skin dermis,Skin dermis,,,
LiDermis_2021,Skin dermis,Skin dermis,16.554341483205032,16.554341483205032,15.099209512392502,15.099209512392502,PRELP,PRELP,1,Gene_Symbol_or_UniProt,Proteoglycans,Core matrisome,Label-free LC-MS/MS,3,5,P51888,Prolargin,Homo sapiens,LiDermis_2021,Skin dermis,Skin dermis,,,
LiDermis_2021,Skin dermis,Skin dermis,,,7.617696229621988,7.617696229621988,CTSC,CTSC,1,Gene_Symbol_or_UniProt,ECM Regulators,Matrisome-associated,Label-free LC-MS/MS,0,4,P53634,Dipeptidyl peptidase 1,Homo sapiens,LiDermis_2021,Skin dermis,Skin dermis,,,
LiDermis_2021,Skin dermis,Skin dermis,16.5630583638884,16.5630583638884,15.589304176014025,15.589304176014025,MFAP2,MFAP2,1,Gene_Symbol_or_UniProt,ECM Glycoproteins,Core matrisome,Label-free LC-MS/MS,1,4,P55001,Microfibrillar-associated protein 2,Homo sapiens,LiDermis_2021,Skin dermis,Skin dermis,,,
LiDermis_2021,Skin dermis,Skin dermis,16.76264941440707,16.76264941440707,16.84076119049916,16.84076119049916,MFAP4,MFAP4,1,Gene_Symbol_or_UniProt,ECM Glycoproteins,Core matrisome,Label-free LC-MS/MS,3,5,P55083,Microfibril-associated glycoprotein 4,Homo sapiens,LiDermis_2021,Skin dermis,Skin dermis,,,
LiDermis_2021,Skin dermis,Skin dermis,12.5007363307058,12.5007363307058,11.549044958730118,11.549044958730118,LAMB2,LAMB2,1,Gene_Symbol_or_UniProt,ECM Glycoproteins,Core matrisome,Label-free LC-MS/MS,3,5,P55268,Laminin subunit beta-2,Homo sapiens,LiDermis_2021,Skin dermis,Skin dermis,,,
LiDermis_2021,Skin dermis,Skin dermis,,,,,CCL18,CCL18,1,Gene_Symbol_or_UniProt,Secreted Factors,Matrisome-associated,Label-free LC-MS/MS,0,0,P55774,C-C motif chemokine 18,Homo sapiens,LiDermis_2021,Skin dermis,Skin dermis,,,
LiDermis_2021,Skin dermis,Skin dermis,12.9016670387031,12.9016670387031,14.4074368974307,14.4074368974307,S100A10,S100A10,1,Gene_Symbol_or_UniProt,Secreted Factors,Matrisome-associated,Label-free LC-MS/MS,2,5,P60903,Protein S100-A10,Homo sapiens,LiDermis_2021,Skin dermis,Skin dermis,,,
LiDermis_2021,Skin dermis,Skin dermis,9.60104747146582,9.60104747146582,10.127878738788565,10.127878738788565,SRPX,SRPX,1,Gene_Symbol_or_UniProt,ECM Glycoproteins,Core matrisome,Label-free LC-MS/MS,3,5,P78539,Sushi repeat-containing protein SRPX,Homo sapiens,LiDermis_2021,Skin dermis,Skin dermis,,,
LiDermis_2021,Skin dermis,Skin dermis,14.0385153183791,14.0385153183791,12.144473342867268,12.144473342867268,FBLN2,FBLN2,1,Gene_Symbol_or_UniProt,ECM Glycoproteins,Core matrisome,Label-free LC-MS/MS,3,5,P98095,Fibulin-2,Homo sapiens,LiDermis_2021,Skin dermis,Skin dermis,,,
LiDermis_2021,Skin dermis,Skin dermis,13.084784785710134,13.084784785710134,12.82829877201608,12.82829877201608,HSPG2,HSPG2,1,Gene_Symbol_or_UniProt,Proteoglycans,Core matrisome,Label-free LC-MS/MS,3,5,P98160,Basement membrane-specific heparan sulfate proteoglycan core protein,Homo sapiens,LiDermis_2021,Skin dermis,Skin dermis,,,
LiDermis_2021,Skin dermis,Skin dermis,11.258020593169135,11.258020593169135,14.488861270230359,14.488861270230359,COL7A1,COL7A1,1,Gene_Symbol_or_UniProt,Collagens,Core matrisome,Label-free LC-MS/MS,3,5,Q02388,Collagen alpha-1(VII) chain,Homo sapiens,LiDermis_2021,Skin dermis,Skin dermis,,,
LiDermis_2021,Skin dermis,Skin dermis,,,8.482272659805746,8.482272659805746,PLOD1,PLOD1,1,Gene_Symbol_or_UniProt,ECM Regulators,Matrisome-associated,Label-free LC-MS/MS,0,5,Q02809,"Procollagen-lysine,2-oxoglutarate 5-dioxygenase 1",Homo sapiens,LiDermis_2021,Skin dermis,Skin dermis,,,
LiDermis_2021,Skin dermis,Skin dermis,5.22999309871006,5.22999309871006,,,COL10A1,COL10A1,1,Gene_Symbol_or_UniProt,Collagens,Core matrisome,Label-free LC-MS/MS,2,0,Q03692,Collagen alpha-1(X) chain,Homo sapiens,LiDermis_2021,Skin dermis,Skin dermis,,,
LiDermis_2021,Skin dermis,Skin dermis,12.615236630401833,12.615236630401833,14.659737026056721,14.659737026056721,COL14A1,COL14A1,1,Gene_Symbol_or_UniProt,Collagens,Core matrisome,Label-free LC-MS/MS,3,5,Q05707,Collagen alpha-1(XIV) chain,Homo sapiens,LiDermis_2021,Skin dermis,Skin dermis,,,
LiDermis_2021,Skin dermis,Skin dermis,,,6.767336669941922,6.767336669941922,ITIH3,ITIH3,1,Gene_Symbol_or_UniProt,ECM Regulators,Matrisome-associated,Label-free LC-MS/MS,0,4,Q06033,Inter-alpha-trypsin inhibitor heavy chain H3,Homo sapiens,LiDermis_2021,Skin dermis,Skin dermis,,,
LiDermis_2021,Skin dermis,Skin dermis,11.2262306867287,11.2262306867287,12.550992018172341,12.550992018172341,FMOD,FMOD,1,Gene_Symbol_or_UniProt,Proteoglycans,Core matrisome,Label-free LC-MS/MS,2,5,Q06828,Fibromodulin,Homo sapiens,LiDermis_2021,Skin dermis,Skin dermis,,,
LiDermis_2021,Skin dermis,Skin dermis,7.981572007549545,7.981572007549545,9.239713707649988,9.239713707649988,COL16A1,COL16A1,1,Gene_Symbol_or_UniProt,Collagens,Core matrisome,Label-free LC-MS/MS,2,5,Q07092,Collagen alpha-1(XVI) chain,Homo sapiens,LiDermis_2021,Skin dermis,Skin dermis,,,
LiDermis_2021,Skin dermis,Skin dermis,6.590485499999495,6.590485499999495,8.573103355187977,8.573103355187977,TCHH,TCHH,1,Gene_Symbol_or_UniProt,Secreted Factors,Matrisome-associated,Label-free LC-MS/MS,2,3,Q07283,Trichohyalin,Homo sapiens,LiDermis_2021,Skin dermis,Skin dermis,,,
LiDermis_2021,Skin dermis,Skin dermis,18.4052460770742,18.4052460770742,17.39673387740248,17.39673387740248,DPT,DPT,1,Gene_Symbol_or_UniProt,ECM Glycoproteins,Core matrisome,Label-free LC-MS/MS,3,5,Q07507,Dermatopontin,Homo sapiens,LiDermis_2021,Skin dermis,Skin dermis,,,
LiDermis_2021,Skin dermis,Skin dermis,7.996671559119511,7.996671559119511,8.23479149791868,8.23479149791868,TGM3,TGM3,1,Gene_Symbol_or_UniProt,ECM Regulators,Matrisome-associated,Label-free LC-MS/MS,2,4,Q08188,Protein-glutamine gamma-glutamyltransferase E,Homo sapiens,LiDermis_2021,Skin dermis,Skin dermis,,,
LiDermis_2021,Skin dermis,Skin dermis,9.87488178013233,9.87488178013233,8.29746715995998,8.29746715995998,LOXL1,LOXL1,1,Gene_Symbol_or_UniProt,ECM Regulators,Matrisome-associated,Label-free LC-MS/MS,1,1,Q08397,Lysyl oxidase homolog 1,Homo sapiens,LiDermis_2021,Skin dermis,Skin dermis,,,
LiDermis_2021,Skin dermis,Skin dermis,7.18721238585764,7.18721238585764,8.138240172974927,8.138240172974927,MFGE8,MFGE8,1,Gene_Symbol_or_UniProt,ECM Glycoproteins,Core matrisome,Label-free LC-MS/MS,2,3,Q08431,Lactadherin,Homo sapiens,LiDermis_2021,Skin dermis,Skin dermis,,,
LiDermis_2021,Skin dermis,Skin dermis,12.180116571718765,12.180116571718765,11.14621816663614,11.14621816663614,EFEMP1,EFEMP1,1,Gene_Symbol_or_UniProt,ECM Glycoproteins,Core matrisome,Label-free LC-MS/MS,3,5,Q12805,EGF-containing fibulin-like extracellular matrix protein 1,Homo sapiens,LiDermis_2021,Skin dermis,Skin dermis,,,
LiDermis_2021,Skin dermis,Skin dermis,,,,,MMRN1,MMRN1,1,Gene_Symbol_or_UniProt,ECM Glycoproteins,Core matrisome,Label-free LC-MS/MS,0,0,Q13201,Multimerin-1,Homo sapiens,LiDermis_2021,Skin dermis,Skin dermis,,,
LiDermis_2021,Skin dermis,Skin dermis,14.0079229630607,14.0079229630607,15.730866166840524,15.730866166840524,MFAP5,MFAP5,1,Gene_Symbol_or_UniProt,ECM Glycoproteins,Core matrisome,Label-free LC-MS/MS,2,4,Q13361,Microfibrillar-associated protein 5,Homo sapiens,LiDermis_2021,Skin dermis,Skin dermis,,,
LiDermis_2021,Skin dermis,Skin dermis,8.498355420851679,8.498355420851679,12.07122421233449,12.07122421233449,LAMB3,LAMB3,1,Gene_Symbol_or_UniProt,ECM Glycoproteins,Core matrisome,Label-free LC-MS/MS,3,5,Q13751,Laminin subunit beta-3,Homo sapiens,LiDermis_2021,Skin dermis,Skin dermis,,,
LiDermis_2021,Skin dermis,Skin dermis,5.7118702717467995,5.7118702717467995,10.595170353158867,10.595170353158867,LAMC2,LAMC2,1,Gene_Symbol_or_UniProt,ECM Glycoproteins,Core matrisome,Label-free LC-MS/MS,3,5,Q13753,Laminin subunit gamma-2,Homo sapiens,LiDermis_2021,Skin dermis,Skin dermis,,,
LiDermis_2021,Skin dermis,Skin dermis,9.95653883231476,9.95653883231476,7.234489591959466,7.234489591959466,COL4A6,COL4A6,1,Gene_Symbol_or_UniProt,Collagens,Core matrisome,Label-free LC-MS/MS,1,5,Q14031,Collagen alpha-6(IV) chain,Homo sapiens,LiDermis_2021,Skin dermis,Skin dermis,,,
LiDermis_2021,Skin dermis,Skin dermis,6.87447628565513,6.87447628565513,10.136503478187056,10.136503478187056,NID2,NID2,1,Gene_Symbol_or_UniProt,ECM Glycoproteins,Core matrisome,Label-free LC-MS/MS,3,5,Q14112,Nidogen-2,Homo sapiens,LiDermis_2021,Skin dermis,Skin dermis,,,
LiDermis_2021,Skin dermis,Skin dermis,7.43029046813661,7.43029046813661,9.560799996538522,9.560799996538522,FGL2,FGL2,1,Gene_Symbol_or_UniProt,ECM Glycoproteins,Core matrisome,Label-free LC-MS/MS,1,3,Q14314,Fibroleukin,Homo sapiens,LiDermis_2021,Skin dermis,Skin dermis,,,
LiDermis_2021,Skin dermis,Skin dermis,7.00059713537297,7.00059713537297,8.545475141652144,8.545475141652144,ITIH4,ITIH4,1,Gene_Symbol_or_UniProt,ECM Regulators,Matrisome-associated,Label-free LC-MS/MS,1,5,Q14624,Inter-alpha-trypsin inhibitor heavy chain H4,Homo sapiens,LiDermis_2021,Skin dermis,Skin dermis,,,
LiDermis_2021,Skin dermis,Skin dermis,,,7.413095412559232,7.413095412559232,LTBP1,LTBP1,1,Gene_Symbol_or_UniProt,ECM Glycoproteins,Core matrisome,Label-free LC-MS/MS,0,5,Q14766,Latent-transforming growth factor beta-binding protein 1 {ECO:0000303|PubMed:8537398},Homo sapiens,LiDermis_2021,Skin dermis,Skin dermis,,,
LiDermis_2021,Skin dermis,Skin dermis,13.834863751844965,13.834863751844965,16.8780020705575,16.8780020705575,POSTN,POSTN,1,Gene_Symbol_or_UniProt,ECM Glycoproteins,Core matrisome,Label-free LC-MS/MS,3,5,Q15063,Periostin,Homo sapiens,LiDermis_2021,Skin dermis,Skin dermis,,,
LiDermis_2021,Skin dermis,Skin dermis,9.10338442965501,9.10338442965501,12.00424159393572,12.00424159393572,PCOLCE,PCOLCE,1,Gene_Symbol_or_UniProt,ECM Glycoproteins,Core matrisome,Label-free LC-MS/MS,2,5,Q15113,Procollagen C-endopeptidase enhancer 1,Homo sapiens,LiDermis_2021,Skin dermis,Skin dermis,,,
LiDermis_2021,Skin dermis,Skin dermis,13.614863119752535,13.614863119752535,15.102631768964699,15.102631768964699,TGFBI,TGFBI,1,Gene_Symbol_or_UniProt,ECM Glycoproteins,Core matrisome,Label-free LC-MS/MS,3,5,Q15582,Transforming growth factor-beta-induced protein ig-h3,Homo sapiens,LiDermis_2021,Skin dermis,Skin dermis,,,
LiDermis_2021,Skin dermis,Skin dermis,8.49615858699394,8.49615858699394,10.745198193814,10.745198193814,CST6,CST6,1,Gene_Symbol_or_UniProt,ECM Regulators,Matrisome-associated,Label-free LC-MS/MS,1,2,Q15828,Cystatin-M,Homo sapiens,LiDermis_2021,Skin dermis,Skin dermis,,,
LiDermis_2021,Skin dermis,Skin dermis,,,,,ADIPOQ,ADIPOQ,1,Gene_Symbol_or_UniProt,ECM Glycoproteins,Core matrisome,Label-free LC-MS/MS,0,0,Q15848,Adiponectin,Homo sapiens,LiDermis_2021,Skin dermis,Skin dermis,,,
LiDermis_2021,Skin dermis,Skin dermis,7.889331027523094,7.889331027523094,9.621407401961132,9.621407401961132,LAMA4,LAMA4,1,Gene_Symbol_or_UniProt,ECM Glycoproteins,Core matrisome,Label-free LC-MS/MS,3,5,Q16363,Laminin subunit alpha-4,Homo sapiens,LiDermis_2021,Skin dermis,Skin dermis,,,
LiDermis_2021,Skin dermis,Skin dermis,6.74099512740744,6.74099512740744,7.474657865099828,7.474657865099828,ECM1,ECM1,1,Gene_Symbol_or_UniProt,ECM Glycoproteins,Core matrisome,Label-free LC-MS/MS,2,4,Q16610,Extracellular matrix protein 1,Homo sapiens,LiDermis_2021,Skin dermis,Skin dermis,,,
LiDermis_2021,Skin dermis,Skin dermis,8.381267317431746,8.381267317431746,10.106330744169151,10.106330744169151,LAMA3,LAMA3,1,Gene_Symbol_or_UniProt,ECM Glycoproteins,Core matrisome,Label-free LC-MS/MS,3,5,Q16787,Laminin subunit alpha-3,Homo sapiens,LiDermis_2021,Skin dermis,Skin dermis,,,
LiDermis_2021,Skin dermis,Skin dermis,12.017896895096602,12.017896895096602,,,C17orf58,C17orf58,1,Gene_Symbol_or_UniProt,ECM Regulators,Matrisome-associated,Label-free LC-MS/MS,2,0,Q2M2W7,UPF0450 protein C17orf58,Homo sapiens,LiDermis_2021,Skin dermis,Skin dermis,,,
LiDermis_2021,Skin dermis,Skin dermis,8.23559991735271,8.23559991735271,10.240614468969051,10.240614468969051,COL28A1,COL28A1,1,Gene_Symbol_or_UniProt,Collagens,Core matrisome,Label-free LC-MS/MS,2,5,Q2UY09,Collagen alpha-1(XXVIII) chain,Homo sapiens,LiDermis_2021,Skin dermis,Skin dermis,,,
LiDermis_2021,Skin dermis,Skin dermis,3.57233552290834,3.57233552290834,9.375408820560128,9.375408820560128,P3H1,LEPRE1,1,Gene_Symbol_or_UniProt,ECM Regulators,Matrisome-associated,Label-free LC-MS/MS,1,5,Q32P28,Prolyl 3-hydroxylase 1 {ECO:0000312|HGNC:HGNC:19316},Homo sapiens,LiDermis_2021,Skin dermis,Skin dermis,,,
LiDermis_2021,Skin dermis,Skin dermis,,,7.146230104578606,7.146230104578606,FNDC1,FNDC1,1,Gene_Symbol_or_UniProt,ECM Glycoproteins,Core matrisome,Label-free LC-MS/MS,0,5,Q4ZHG4,Fibronectin type III domain-containing protein 1,Homo sapiens,LiDermis_2021,Skin dermis,Skin dermis,,,
LiDermis_2021,Skin dermis,Skin dermis,,,12.589533759358876,12.589533759358876,FBLN7,FBLN7,1,Gene_Symbol_or_UniProt,ECM Glycoproteins,Core matrisome,Label-free LC-MS/MS,0,4,Q53RD9,Fibulin-7,Homo sapiens,LiDermis_2021,Skin dermis,Skin dermis,,,
LiDermis_2021,Skin dermis,Skin dermis,,,8.283974009411324,8.283974009411324,VWA2,VWA2,1,Gene_Symbol_or_UniProt,ECM Glycoproteins,Core matrisome,Label-free LC-MS/MS,0,2,Q5GFL6,von Willebrand factor A domain-containing protein 2,Homo sapiens,LiDermis_2021,Skin dermis,Skin dermis,,,
LiDermis_2021,Skin dermis,Skin dermis,,,3.6069699504007926,3.6069699504007926,FREM1,FREM1,1,Gene_Symbol_or_UniProt,ECM-affiliated Proteins,Matrisome-associated,Label-free LC-MS/MS,0,4,Q5H8C1,FRAS1-related extracellular matrix protein 1 {ECO:0000305},Homo sapiens,LiDermis_2021,Skin dermis,Skin dermis,,,
LiDermis_2021,Skin dermis,Skin dermis,,,6.665337860035327,6.665337860035327,FREM2,FREM2,1,Gene_Symbol_or_UniProt,ECM-affiliated Proteins,Matrisome-associated,Label-free LC-MS/MS,0,3,Q5SZK8,FRAS1-related extracellular matrix protein 2,Homo sapiens,LiDermis_2021,Skin dermis,Skin dermis,,,
LiDermis_2021,Skin dermis,Skin dermis,7.9166308196635855,7.9166308196635855,10.122190227648762,10.122190227648762,VWA1,VWA1,1,Gene_Symbol_or_UniProt,ECM Glycoproteins,Core matrisome,Label-free LC-MS/MS,3,5,Q6PCB0,von Willebrand factor A domain-containing protein 1 {ECO:0000305},Homo sapiens,LiDermis_2021,Skin dermis,Skin dermis,,,
LiDermis_2021,Skin dermis,Skin dermis,4.7594406288787745,4.7594406288787745,6.843719027117598,6.843719027117598,CSPG4,CSPG4,1,Gene_Symbol_or_UniProt,ECM-affiliated Proteins,Matrisome-associated,Label-free LC-MS/MS,2,5,Q6UVK1,Chondroitin sulfate proteoglycan 4,Homo sapiens,LiDermis_2021,Skin dermis,Skin dermis,,,
LiDermis_2021,Skin dermis,Skin dermis,,,6.949956611455178,6.949956611455178,PLXDC2,PLXDC2,1,Gene_Symbol_or_UniProt,ECM-affiliated Proteins,Matrisome-associated,Label-free LC-MS/MS,0,5,Q6UX71,Plexin domain-containing protein 2,Homo sapiens,LiDermis_2021,Skin dermis,Skin dermis,,,
LiDermis_2021,Skin dermis,Skin dermis,5.43692103069029,5.43692103069029,5.6370568126176535,5.6370568126176535,VIT,VIT,1,Gene_Symbol_or_UniProt,ECM Glycoproteins,Core matrisome,Label-free LC-MS/MS,1,3,Q6UXI7,Vitrin,Homo sapiens,LiDermis_2021,Skin dermis,Skin dermis,,,
LiDermis_2021,Skin dermis,Skin dermis,,,4.41816302165228,4.41816302165228,NPNT,NPNT,1,Gene_Symbol_or_UniProt,ECM Glycoproteins,Core matrisome,Label-free LC-MS/MS,0,1,Q6UXI9,Nephronectin,Homo sapiens,LiDermis_2021,Skin dermis,Skin dermis,,,
LiDermis_2021,Skin dermis,Skin dermis,,,5.35022468367629,5.35022468367629,ADAMTSL4,ADAMTSL4,1,Gene_Symbol_or_UniProt,ECM Regulators,Matrisome-associated,Label-free LC-MS/MS,0,1,Q6UY14,ADAMTS-like protein 4,Homo sapiens,LiDermis_2021,Skin dermis,Skin dermis,,,
LiDermis_2021,Skin dermis,Skin dermis,5.02559575345145,5.02559575345145,9.218325322471596,9.218325322471596,CD109,CD109,1,Gene_Symbol_or_UniProt,ECM Regulators,Matrisome-associated,Label-free LC-MS/MS,2,5,Q6YHK3,CD109 antigen,Homo sapiens,LiDermis_2021,Skin dermis,Skin dermis,,,
LiDermis_2021,Skin dermis,Skin dermis,,,6.931133128944604,6.931133128944604,THSD4,THSD4,1,Gene_Symbol_or_UniProt,ECM Glycoproteins,Core matrisome,Label-free LC-MS/MS,0,3,Q6ZMP0,Thrombospondin type-1 domain-containing protein 4,Homo sapiens,LiDermis_2021,Skin dermis,Skin dermis,,,
LiDermis_2021,Skin dermis,Skin dermis,5.60183155222109,5.60183155222109,4.32244304743274,4.32244304743274,FBN3,FBN3,1,Gene_Symbol_or_UniProt,ECM Glycoproteins,Core matrisome,Label-free LC-MS/MS,1,1,Q75N90,Fibrillin-3,Homo sapiens,LiDermis_2021,Skin dermis,Skin dermis,,,
LiDermis_2021,Skin dermis,Skin dermis,7.88561438808226,7.88561438808226,9.204104279496578,9.204104279496578,PODN,PODN,1,Gene_Symbol_or_UniProt,Proteoglycans,Core matrisome,Label-free LC-MS/MS,2,5,Q7Z5L7,Podocan,Homo sapiens,LiDermis_2021,Skin dermis,Skin dermis,,,
LiDermis_2021,Skin dermis,Skin dermis,10.02089971289611,10.02089971289611,10.716056080087455,10.716056080087455,ABI3BP,ABI3BP,1,Gene_Symbol_or_UniProt,ECM Glycoproteins,Core matrisome,Label-free LC-MS/MS,3,5,Q7Z7G0,Target of Nesh-SH3 {ECO:0000305},Homo sapiens,LiDermis_2021,Skin dermis,Skin dermis,,,
LiDermis_2021,Skin dermis,Skin dermis,,,5.997987449710241,5.997987449710241,ITIH5,ITIH5,1,Gene_Symbol_or_UniProt,ECM Regulators,Matrisome-associated,Label-free LC-MS/MS,0,4,Q86UX2,Inter-alpha-trypsin inhibitor heavy chain H5,Homo sapiens,LiDermis_2021,Skin dermis,Skin dermis,,,
LiDermis_2021,Skin dermis,Skin dermis,,,6.7685573499277,6.7685573499277,ANGPTL5,ANGPTL5,1,Gene_Symbol_or_UniProt,Secreted Factors,Matrisome-associated,Label-free LC-MS/MS,0,3,Q86XS5,Angiopoietin-related protein 5,Homo sapiens,LiDermis_2021,Skin dermis,Skin dermis,,,
LiDermis_2021,Skin dermis,Skin dermis,,,4.3661200803213935,4.3661200803213935,FRAS1,FRAS1,1,Gene_Symbol_or_UniProt,ECM Glycoproteins,Core matrisome,Label-free LC-MS/MS,0,3,Q86XX4,Extracellular matrix organizing protein FRAS1 {ECO:0000250|UniProtKB:Q80T14},Homo sapiens,LiDermis_2021,Skin dermis,Skin dermis,,,
LiDermis_2021,Skin dermis,Skin dermis,7.09220801731893,7.09220801731893,10.925211282184662,10.925211282184662,AEBP1,AEBP1,1,Gene_Symbol_or_UniProt,ECM Glycoproteins,Core matrisome,Label-free LC-MS/MS,1,5,Q8IUX7,Adipocyte enhancer-binding protein 1,Homo sapiens,LiDermis_2021,Skin dermis,Skin dermis,,,
LiDermis_2021,Skin dermis,Skin dermis,,,7.713283498409343,7.713283498409343,P3H3,LEPREL2,1,Gene_Symbol_or_UniProt,ECM Regulators,Matrisome-associated,Label-free LC-MS/MS,0,4,Q8IVL6,Prolyl 3-hydroxylase 3 {ECO:0000312|HGNC:HGNC:19318},Homo sapiens,LiDermis_2021,Skin dermis,Skin dermis,,,
LiDermis_2021,Skin dermis,Skin dermis,7.856046249646511,7.856046249646511,6.898574873473,6.898574873473,SBSPON,SBSPON,1,Gene_Symbol_or_UniProt,ECM Glycoproteins,Core matrisome,Label-free LC-MS/MS,2,1,Q8IVN8,Somatomedin-B and thrombospondin type-1 domain-containing protein,Homo sapiens,LiDermis_2021,Skin dermis,Skin dermis,,,
LiDermis_2021,Skin dermis,Skin dermis,,,6.625899121831639,6.625899121831639,SERPINA12,SERPINA12,1,Gene_Symbol_or_UniProt,ECM Regulators,Matrisome-associated,Label-free LC-MS/MS,0,3,Q8IW75,Serpin A12,Homo sapiens,LiDermis_2021,Skin dermis,Skin dermis,,,
LiDermis_2021,Skin dermis,Skin dermis,,,7.521606053231659,7.521606053231659,LTBP4,LTBP4,1,Gene_Symbol_or_UniProt,ECM Glycoproteins,Core matrisome,Label-free LC-MS/MS,0,4,Q8N2S1,Latent-transforming growth factor beta-binding protein 4,Homo sapiens,LiDermis_2021,Skin dermis,Skin dermis,,,
LiDermis_2021,Skin dermis,Skin dermis,,,5.54601442524714,5.54601442524714,ADAMTSL1,ADAMTSL1,1,Gene_Symbol_or_UniProt,ECM Regulators,Matrisome-associated,Label-free LC-MS/MS,0,1,Q8N6G6,ADAMTS-like protein 1,Homo sapiens,LiDermis_2021,Skin dermis,Skin dermis,,,
LiDermis_2021,Skin dermis,Skin dermis,,,3.847834591044216,3.847834591044216,HMCN2,HMCN2,1,Gene_Symbol_or_UniProt,ECM Glycoproteins,Core matrisome,Label-free LC-MS/MS,0,5,Q8NDA2,Hemicentin-2 {ECO:0000305},Homo sapiens,LiDermis_2021,Skin dermis,Skin dermis,,,
LiDermis_2021,Skin dermis,Skin dermis,,,2.72995263952041,2.72995263952041,SNED1,SNED1,1,Gene_Symbol_or_UniProt,ECM Glycoproteins,Core matrisome,Label-free LC-MS/MS,0,1,Q8TER0,"Sushi, nidogen and EGF-like domain-containing protein 1 {ECO:0000305}",Homo sapiens,LiDermis_2021,Skin dermis,Skin dermis,,,
LiDermis_2021,Skin dermis,Skin dermis,6.8283366223736905,6.8283366223736905,5.47556583533678,5.47556583533678,TSPEAR,TSPEAR,1,Gene_Symbol_or_UniProt,ECM Glycoproteins,Core matrisome,Label-free LC-MS/MS,2,4,Q8WU66,Thrombospondin-type laminin G domain and EAR repeat-containing protein,Homo sapiens,LiDermis_2021,Skin dermis,Skin dermis,,,
LiDermis_2021,Skin dermis,Skin dermis,8.98403922813957,8.98403922813957,7.720224186864726,7.720224186864726,PXDN,PXDN,1,Gene_Symbol_or_UniProt,ECM Glycoproteins,Core matrisome,Label-free LC-MS/MS,1,5,Q92626,Peroxidasin homolog {ECO:0000305},Homo sapiens,LiDermis_2021,Skin dermis,Skin dermis,,,
LiDermis_2021,Skin dermis,Skin dermis,9.456527339642685,9.456527339642685,6.23316728271556,6.23316728271556,HTRA1,HTRA1,1,Gene_Symbol_or_UniProt,ECM Regulators,Matrisome-associated,Label-free LC-MS/MS,2,4,Q92743,Serine protease HTRA1,Homo sapiens,LiDermis_2021,Skin dermis,Skin dermis,,,
LiDermis_2021,Skin dermis,Skin dermis,5.73615163961397,5.73615163961397,,,PRG4,PRG4,1,Gene_Symbol_or_UniProt,Proteoglycans,Core matrisome,Label-free LC-MS/MS,2,0,Q92954,Proteoglycan 4,Homo sapiens,LiDermis_2021,Skin dermis,Skin dermis,,,
LiDermis_2021,Skin dermis,Skin dermis,9.830955495641746,9.830955495641746,8.877608080476957,8.877608080476957,CTHRC1,CTHRC1,1,Gene_Symbol_or_UniProt,ECM Glycoproteins,Core matrisome,Label-free LC-MS/MS,2,5,Q96CG8,Collagen triple helix repeat-containing protein 1,Homo sapiens,LiDermis_2021,Skin dermis,Skin dermis,,,
LiDermis_2021,Skin dermis,Skin dermis,,,10.42046028156957,10.42046028156957,S100A16,S100A16,1,Gene_Symbol_or_UniProt,Secreted Factors,Matrisome-associated,Label-free LC-MS/MS,0,4,Q96FQ6,Protein S100-A16,Homo sapiens,LiDermis_2021,Skin dermis,Skin dermis,,,
LiDermis_2021,Skin dermis,Skin dermis,5.62661645793895,5.62661645793895,5.113759177153855,5.113759177153855,SFRP2,SFRP2,1,Gene_Symbol_or_UniProt,Secreted Factors,Matrisome-associated,Label-free LC-MS/MS,1,4,Q96HF1,Secreted frizzled-related protein 2,Homo sapiens,LiDermis_2021,Skin dermis,Skin dermis,,,
LiDermis_2021,Skin dermis,Skin dermis,,,4.729248053895439,4.729248053895439,NGLY1,NGLY1,1,Gene_Symbol_or_UniProt,ECM Regulators,Matrisome-associated,Label-free LC-MS/MS,0,2,Q96IV0,Peptide-N(4)-(N-acetyl-beta-glucosaminyl)asparagine amidase,Homo sapiens,LiDermis_2021,Skin dermis,Skin dermis,,,
LiDermis_2021,Skin dermis,Skin dermis,6.9259462147965,6.9259462147965,9.78459620384326,9.78459620384326,COL21A1,COL21A1,1,Gene_Symbol_or_UniProt,Collagens,Core matrisome,Label-free LC-MS/MS,1,5,Q96P44,Collagen alpha-1(XXI) chain,Homo sapiens,LiDermis_2021,Skin dermis,Skin dermis,,,
LiDermis_2021,Skin dermis,Skin dermis,,,9.6885482835902,9.6885482835902,SERPINB12,SERPINB12,1,Gene_Symbol_or_UniProt,ECM Regulators,Matrisome-associated,Label-free LC-MS/MS,0,5,Q96P63,Serpin B12,Homo sapiens,LiDermis_2021,Skin dermis,Skin dermis,,,
LiDermis_2021,Skin dermis,Skin dermis,4.041739799963823,4.041739799963823,8.69913492045971,8.69913492045971,HMCN1,HMCN1,1,Gene_Symbol_or_UniProt,ECM Glycoproteins,Core matrisome,Label-free LC-MS/MS,3,5,Q96RW7,Hemicentin-1,Homo sapiens,LiDermis_2021,Skin dermis,Skin dermis,,,
LiDermis_2021,Skin dermis,Skin dermis,,,5.02585114889569,5.02585114889569,HAPLN3,HAPLN3,1,Gene_Symbol_or_UniProt,Proteoglycans,Core matrisome,Label-free LC-MS/MS,0,2,Q96S86,Hyaluronan and proteoglycan link protein 3,Homo sapiens,LiDermis_2021,Skin dermis,Skin dermis,,,
LiDermis_2021,Skin dermis,Skin dermis,,,,,MMP19,MMP19,1,Gene_Symbol_or_UniProt,ECM Regulators,Matrisome-associated,Label-free LC-MS/MS,0,0,Q99542,Matrix metalloproteinase-19,Homo sapiens,LiDermis_2021,Skin dermis,Skin dermis,,,
LiDermis_2021,Skin dermis,Skin dermis,,,12.151869028999267,12.151869028999267,S100A13,S100A13,1,Gene_Symbol_or_UniProt,Secreted Factors,Matrisome-associated,Label-free LC-MS/MS,0,3,Q99584,Protein S100-A13,Homo sapiens,LiDermis_2021,Skin dermis,Skin dermis,,,
LiDermis_2021,Skin dermis,Skin dermis,11.1165942337429,11.1165942337429,13.019724229199019,13.019724229199019,COL12A1,COL12A1,1,Gene_Symbol_or_UniProt,Collagens,Core matrisome,Label-free LC-MS/MS,3,5,Q99715,Collagen alpha-1(XII) chain,Homo sapiens,LiDermis_2021,Skin dermis,Skin dermis,,,
LiDermis_2021,Skin dermis,Skin dermis,7.7183702426227,7.7183702426227,8.22459697643242,8.22459697643242,OMD,OMD,1,Gene_Symbol_or_UniProt,Proteoglycans,Core matrisome,Label-free LC-MS/MS,1,4,Q99983,Osteomodulin,Homo sapiens,LiDermis_2021,Skin dermis,Skin dermis,,,
LiDermis_2021,Skin dermis,Skin dermis,,,9.782349281852778,9.782349281852778,C1QTNF7,C1QTNF7,1,Gene_Symbol_or_UniProt,ECM-affiliated Proteins,Matrisome-associated,Label-free LC-MS/MS,0,3,Q9BXJ2,Complement C1q tumor necrosis factor-related protein 7,Homo sapiens,LiDermis_2021,Skin dermis,Skin dermis,,,
LiDermis_2021,Skin dermis,Skin dermis,,,7.937511884276276,7.937511884276276,C1QTNF2,C1QTNF2,1,Gene_Symbol_or_UniProt,ECM-affiliated Proteins,Matrisome-associated,Label-free LC-MS/MS,0,3,Q9BXJ5,Complement C1q tumor necrosis factor-related protein 2,Homo sapiens,LiDermis_2021,Skin dermis,Skin dermis,,,
LiDermis_2021,Skin dermis,Skin dermis,13.265904867938536,13.265904867938536,13.68967063393074,13.68967063393074,ASPN,ASPN,1,Gene_Symbol_or_UniProt,Proteoglycans,Core matrisome,Label-free LC-MS/MS,3,5,Q9BXN1,Asporin,Homo sapiens,LiDermis_2021,Skin dermis,Skin dermis,,,
LiDermis_2021,Skin dermis,Skin dermis,7.0935050557630435,7.0935050557630435,8.882433200056287,8.882433200056287,EMILIN2,EMILIN2,1,Gene_Symbol_or_UniProt,ECM Glycoproteins,Core matrisome,Label-free LC-MS/MS,3,4,Q9BXX0,EMILIN-2,Homo sapiens,LiDermis_2021,Skin dermis,Skin dermis,,,
LiDermis_2021,Skin dermis,Skin dermis,12.900411979964966,12.900411979964966,10.496762316825482,10.496762316825482,TINAGL1,TINAGL1,1,Gene_Symbol_or_UniProt,ECM Glycoproteins,Core matrisome,Label-free LC-MS/MS,3,5,Q9GZM7,Tubulointerstitial nephritis antigen-like,Homo sapiens,LiDermis_2021,Skin dermis,Skin dermis,,,
LiDermis_2021,Skin dermis,Skin dermis,3.3216272193366,3.3216272193366,3.65570686047466,3.65570686047466,MMRN2,MMRN2,1,Gene_Symbol_or_UniProt,ECM Glycoproteins,Core matrisome,Label-free LC-MS/MS,1,4,Q9H8L6,Multimerin-2,Homo sapiens,LiDermis_2021,Skin dermis,Skin dermis,,,
LiDermis_2021,Skin dermis,Skin dermis,,,5.301575633514831,5.301575633514831,SPON1,SPON1,1,Gene_Symbol_or_UniProt,ECM Glycoproteins,Core matrisome,Label-free LC-MS/MS,0,5,Q9HCB6,Spondin-1,Homo sapiens,LiDermis_2021,Skin dermis,Skin dermis,,,
LiDermis_2021,Skin dermis,Skin dermis,9.49260785305865,9.49260785305865,9.88673946537614,9.88673946537614,S100A14,S100A14,1,Gene_Symbol_or_UniProt,Secreted Factors,Matrisome-associated,Label-free LC-MS/MS,1,5,Q9HCY8,Protein S100-A14,Homo sapiens,LiDermis_2021,Skin dermis,Skin dermis,,,
LiDermis_2021,Skin dermis,Skin dermis,1.4136423316468,1.4136423316468,4.79797240300045,4.79797240300045,MXRA5,MXRA5,1,Gene_Symbol_or_UniProt,ECM Glycoproteins,Core matrisome,Label-free LC-MS/MS,1,5,Q9NR99,Matrix-remodeling-associated protein 5,Homo sapiens,LiDermis_2021,Skin dermis,Skin dermis,,,
LiDermis_2021,Skin dermis,Skin dermis,11.5234091803192,11.5234091803192,,,CCL28,CCL28,1,Gene_Symbol_or_UniProt,Secreted Factors,Matrisome-associated,Label-free LC-MS/MS,1,0,Q9NRJ3,C-C motif chemokine 28,Homo sapiens,LiDermis_2021,Skin dermis,Skin dermis,,,
LiDermis_2021,Skin dermis,Skin dermis,6.057619379802345,6.057619379802345,10.728436928910188,10.728436928910188,EMILIN3,EMILIN3,1,Gene_Symbol_or_UniProt,ECM Glycoproteins,Core matrisome,Label-free LC-MS/MS,2,5,Q9NT22,EMILIN-3,Homo sapiens,LiDermis_2021,Skin dermis,Skin dermis,,,
LiDermis_2021,Skin dermis,Skin dermis,,,7.492710546714875,7.492710546714875,CTSZ,CTSZ,1,Gene_Symbol_or_UniProt,ECM Regulators,Matrisome-associated,Label-free LC-MS/MS,0,4,Q9UBR2,Cathepsin Z,Homo sapiens,LiDermis_2021,Skin dermis,Skin dermis,,,
LiDermis_2021,Skin dermis,Skin dermis,13.0896736944407,13.0896736944407,12.5420303050652,12.5420303050652,FBLN5,FBLN5,1,Gene_Symbol_or_UniProt,ECM Glycoproteins,Core matrisome,Label-free LC-MS/MS,3,5,Q9UBX5,Fibulin-5,Homo sapiens,LiDermis_2021,Skin dermis,Skin dermis,,,
LiDermis_2021,Skin dermis,Skin dermis,,,5.494983016108563,5.494983016108563,ANGPTL2,ANGPTL2,1,Gene_Symbol_or_UniProt,Secreted Factors,Matrisome-associated,Label-free LC-MS/MS,0,4,Q9UKU9,Angiopoietin-related protein 2,Homo sapiens,LiDermis_2021,Skin dermis,Skin dermis,,,
LiDermis_2021,Skin dermis,Skin dermis,,,9.303539854111264,9.303539854111264,COL17A1,COL17A1,1,Gene_Symbol_or_UniProt,Collagens,Core matrisome,Label-free LC-MS/MS,0,5,Q9UMD9,Collagen alpha-1(XVII) chain,Homo sapiens,LiDermis_2021,Skin dermis,Skin dermis,,,
LiDermis_2021,Skin dermis,Skin dermis,,,5.672774512303764,5.672774512303764,CLEC11A,CLEC11A,1,Gene_Symbol_or_UniProt,ECM-affiliated Proteins,Matrisome-associated,Label-free LC-MS/MS,0,4,Q9Y240,C-type lectin domain family 11 member A,Homo sapiens,LiDermis_2021,Skin dermis,Skin dermis,,,
LiDermis_2021,Skin dermis,Skin dermis,,,7.793749387330576,7.793749387330576,PRG3,PRG3,1,Gene_Symbol_or_UniProt,Proteoglycans,Core matrisome,Label-free LC-MS/MS,0,3,Q9Y2Y8,Proteoglycan 3,Homo sapiens,LiDermis_2021,Skin dermis,Skin dermis,,,
LiDermis_2021,Skin dermis,Skin dermis,12.074042893558968,12.074042893558968,13.282659224719279,13.282659224719279,EMILIN1,EMILIN1,1,Gene_Symbol_or_UniProt,ECM Glycoproteins,Core matrisome,Label-free LC-MS/MS,3,5,Q9Y6C2,EMILIN-1,Homo sapiens,LiDermis_2021,Skin dermis,Skin dermis,,,
LiDermis_2021,Skin dermis,Skin dermis,,,4.388558789550132,4.388558789550132,LAMC3,LAMC3,1,Gene_Symbol_or_UniProt,ECM Glycoproteins,Core matrisome,Label-free LC-MS/MS,0,4,Q9Y6N6,Laminin subunit gamma-3,Homo sapiens,LiDermis_2021,Skin dermis,Skin dermis,,,
